dataset,k_cross,rep,fitness,accuracy,spearman_corr,spearman_p,theta,beta,gamma
digits,1,1,0.28396952249251084,0.9388888888888889,0.09906514785898066,9.059646869638806e-06,0.25,0.25,0.25
digits,1,2,0.28791610165955117,0.9333333333333333,0.19501116012045613,1.364137114641321e-18,0.25,0.25,0.25
digits,1,3,0.2865778354644179,0.925,-0.1744605057980833,3.9167425776053356e-15,0.25,0.25,0.25
digits,1,4,0.2927442322770353,0.95,0.16640077608037487,6.924883488365274e-14,0.25,0.25,0.25
digits,1,5,0.2885872991779802,0.9444444444444444,0.07799913921678264,0.00048055618241924685,0.25,0.25,0.25
digits,2,1,0.2919336942109187,0.9416666666666667,-0.06191593190011964,0.005607500513198633,0.25,0.25,0.25
digits,2,2,0.28576975939979365,0.9277777777777778,0.18762197817707774,2.6576576059058377e-17,0.25,0.25,0.25
digits,2,3,0.2925324531466445,0.9416666666666667,0.03635133708216085,0.10411952534666404,0.25,0.25,0.25
digits,2,4,0.2990108204961822,0.9305555555555556,-0.11261218601847721,4.43921099470386e-07,0.25,0.25,0.25
digits,2,5,0.28907765941243646,0.9388888888888889,0.2099225171790787,2.3537281189881296e-21,0.25,0.25,0.25
digits,3,1,0.29099109051407535,0.9164345403899722,0.091412560456097,4.237887944665393e-05,0.25,0.25,0.25
digits,3,2,0.2903238086487945,0.9164345403899722,0.03103721563808918,0.1652914939708768,0.25,0.25,0.25
digits,3,3,0.2892513429186357,0.9108635097493036,0.28742922640669866,2.396053756223679e-39,0.25,0.25,0.25
digits,3,4,0.2904990681803348,0.8857938718662952,0.10729381123165037,1.5152529632727589e-06,0.25,0.25,0.25
digits,3,5,0.29113366114822703,0.8969359331476323,-0.0006061834962251217,0.9783860329817514,0.25,0.25,0.25
digits,4,1,0.29232329256911505,0.9303621169916435,0.14344205001001456,1.1616254616097384e-10,0.25,0.25,0.25
digits,4,2,0.2896091224261772,0.9303621169916435,-0.06393705673562221,0.004229849003364744,0.25,0.25,0.25
digits,4,3,0.2859979493638293,0.9498607242339833,-0.01733266585434217,0.43850869292142347,0.25,0.25,0.25
digits,4,4,0.3007913646033952,0.9442896935933147,-0.04690633404788107,0.03594419664668455,0.25,0.25,0.25
digits,4,5,0.2915126897686634,0.9498607242339833,0.3376337478319415,1.6197545209205164e-54,0.25,0.25,0.25
digits,5,1,0.2916614666503249,0.9108635097493036,0.10176364910119443,5.1152265028682075e-06,0.25,0.25,0.25
digits,5,2,0.2871945851026728,0.9220055710306406,0.1456441523247674,5.97924412460523e-11,0.25,0.25,0.25
digits,5,3,0.2893014238875323,0.9108635097493036,0.045310707608014,0.042751442221847,0.25,0.25,0.25
digits,5,4,0.2880096728865099,0.9442896935933147,0.14529495514782556,6.64776136694682e-11,0.25,0.25,0.25
digits,5,5,0.2926591003018227,0.935933147632312,-0.15655123151226782,1.918850938053634e-12,0.25,0.25,0.25
digits,1,1,0.2880659445785877,0.9416666666666667,-0.29605070654116367,9.576289923889539e-42,0.25,0.25,0.5
digits,1,2,0.28581782263275124,0.9361111111111111,-0.4528864969923052,1.0082609343837678e-101,0.25,0.25,0.5
digits,1,3,0.28195828945196555,0.9222222222222223,-0.13594904271823535,1.031970569436822e-09,0.25,0.25,0.5
digits,1,4,0.2733178062569919,0.9416666666666667,-0.024407507815053426,0.27526538124379785,0.25,0.25,0.5
digits,1,5,0.28084337177434743,0.9333333333333333,-0.00897723308565166,0.6882499416752129,0.25,0.25,0.5
digits,2,1,0.2770824194763831,0.9333333333333333,-0.16076373330089777,4.753509714459396e-13,0.25,0.25,0.5
digits,2,2,0.28764152166126034,0.9277777777777778,0.021337194147054137,0.34021509531463967,0.25,0.25,0.5
digits,2,3,0.29012785286568454,0.9305555555555556,-0.29503007991972047,1.8597967087783978e-41,0.25,0.25,0.5
digits,2,4,0.28554041233834737,0.9361111111111111,-0.13682687545130792,8.037999190983501e-10,0.25,0.25,0.5
digits,2,5,0.28436373566223877,0.9277777777777778,-0.06752405589552905,0.0025166828231519755,0.25,0.25,0.5
digits,3,1,0.2862646517475911,0.8746518105849582,-0.17054771954494247,1.6073915286886194e-14,0.25,0.25,0.5
digits,3,2,0.29173212206031485,0.9025069637883009,-0.030872008738298883,0.1675546263133968,0.25,0.25,0.5
digits,3,3,0.2872494274914199,0.8774373259052924,-0.20335409992960163,4.1261757861021216e-20,0.25,0.25,0.5
digits,3,4,0.2797287431576609,0.8746518105849582,-0.3870990174514787,1.701478312182086e-72,0.25,0.25,0.5
digits,3,5,0.27854333796795555,0.9025069637883009,-0.19176345527466257,5.10655443543811e-18,0.25,0.25,0.5
digits,4,1,0.27862833146048804,0.9303621169916435,0.01799558504645759,0.4211954336436463,0.25,0.25,0.5
digits,4,2,0.2867220721875904,0.9220055710306406,0.08899067196008356,6.742205279902686e-05,0.25,0.25,0.5
digits,4,3,0.28614674772141224,0.935933147632312,0.1116175409902689,5.609118745713164e-07,0.25,0.25,0.5
digits,4,4,0.28811451069056115,0.935933147632312,-0.12393915692595531,2.686729086495654e-08,0.25,0.25,0.5
digits,4,5,0.27794893045679875,0.9192200557103064,-0.16977192059601837,2.1183690642316697e-14,0.25,0.25,0.5
digits,5,1,0.28132406768107165,0.9192200557103064,-0.1490651058505634,2.0886266250291484e-11,0.25,0.25,0.5
digits,5,2,0.28352954044724715,0.9303621169916435,-0.3212915498222468,2.965201774467254e-49,0.25,0.25,0.5
digits,5,3,0.28885781259285076,0.9275766016713092,-0.10075762012713321,6.340834915620107e-06,0.25,0.25,0.5
digits,5,4,0.2927951493247042,0.9387186629526463,0.46291235288566923,8.984710748888043e-107,0.25,0.25,0.5
digits,5,5,0.2846672011855913,0.9331476323119777,-0.02195054738247593,0.3265124566765194,0.25,0.25,0.5
digits,1,1,0.270090038378619,0.9361111111111111,0.0974173317615818,1.2753307729653416e-05,0.25,0.25,0.75
digits,1,2,0.28490454494478734,0.9194444444444444,-0.45235012250807266,1.857887778986324e-101,0.25,0.25,0.75
digits,1,3,0.278883165602139,0.9222222222222223,-0.02603420575294973,0.24452354516179822,0.25,0.25,0.75
digits,1,4,0.27809774746179106,0.9055555555555556,-0.35546338305861735,1.2398072310137972e-60,0.25,0.25,0.75
digits,1,5,0.2740531766810372,0.9222222222222223,-0.13398985494567228,1.7921484299691229e-09,0.25,0.25,0.75
digits,2,1,0.27650984460284656,0.9277777777777778,-0.33308429646113397,5.092586626216305e-53,0.25,0.25,0.75
digits,2,2,0.2854417884914384,0.9388888888888889,-0.27500952733644335,4.892256398796091e-36,0.25,0.25,0.75
digits,2,3,0.2839390447318212,0.95,-0.36436564662086113,7.738237953529227e-64,0.25,0.25,0.75
digits,2,4,0.2932056259047756,0.9416666666666667,-0.23932638551235816,1.90001967512574e-27,0.25,0.25,0.75
digits,2,5,0.28381839597080005,0.9444444444444444,-0.16465746470128367,1.2655635395538377e-13,0.25,0.25,0.75
digits,3,1,0.28065993417003715,0.8969359331476323,0.1256640745604185,1.7131876617013187e-08,0.25,0.25,0.75
digits,3,2,0.2762096538231857,0.8885793871866295,-0.38109351205676784,3.8508802711669724e-70,0.25,0.25,0.75
digits,3,3,0.2836060503160943,0.9164345403899722,-0.09648717831067401,1.5432131012565875e-05,0.25,0.25,0.75
digits,3,4,0.2908146803791087,0.9080779944289693,-0.4806931227679104,3.734604369240328e-116,0.25,0.25,0.75
digits,3,5,0.2831091010613724,0.8690807799442897,-0.12370768807005877,2.8526396886348842e-08,0.25,0.25,0.75
digits,4,1,0.28833724999707755,0.9303621169916435,0.04846337680223329,0.030214531174706755,0.25,0.25,0.75
digits,4,2,0.2798997037558828,0.9164345403899722,-0.46995599182482817,2.011009435319543e-110,0.25,0.25,0.75
digits,4,3,0.2861124778345475,0.9275766016713092,-0.44798788341314,2.572088337208647e-99,0.25,0.25,0.75
digits,4,4,0.2734809946756641,0.9164345403899722,-0.05705884672058666,0.010703482196204333,0.25,0.25,0.75
digits,4,5,0.28931107340761875,0.9192200557103064,-0.176216746684833,2.0560221622136354e-15,0.25,0.25,0.75
digits,5,1,0.27551308304790095,0.9220055710306406,0.058465302834501236,0.008916206611026647,0.25,0.25,0.75
digits,5,2,0.27782147385432504,0.9192200557103064,-0.22032718351882274,2.063729835291172e-23,0.25,0.25,0.75
digits,5,3,0.2817535037305908,0.9387186629526463,-0.3154878403702858,1.8373839558835789e-47,0.25,0.25,0.75
digits,5,4,0.2907446267728709,0.8997214484679665,0.06681558455107321,0.002793825242015305,0.25,0.25,0.75
digits,5,5,0.2845335921220676,0.9108635097493036,-0.42670675081629644,2.6261580864610804e-89,0.25,0.25,0.75
digits,1,1,0.27520535852103,0.9444444444444444,-0.3663360591096625,1.4636119886486877e-64,0.25,0.25,1.0
digits,1,2,0.28149168243236833,0.9166666666666666,0.10123822103556693,5.723908418033118e-06,0.25,0.25,1.0
digits,1,3,0.2820461114472004,0.9361111111111111,-0.2536616042428346,9.754938887500464e-31,0.25,0.25,1.0
digits,1,4,0.27399330573949787,0.9333333333333333,-0.472682906452091,7.3651421637738645e-112,0.25,0.25,1.0
digits,1,5,0.2821935554751749,0.9222222222222223,-0.1420626234293647,1.7518657204070753e-10,0.25,0.25,1.0
digits,2,1,0.276523642914545,0.9444444444444444,0.06254685800908788,0.005139278225154127,0.25,0.25,1.0
digits,2,2,0.27584852548586236,0.9444444444444444,0.10373796624623027,3.3362907911391263e-06,0.25,0.25,1.0
digits,2,3,0.2893181162885529,0.9388888888888889,0.1904659535985051,8.596619860128378e-18,0.25,0.25,1.0
digits,2,4,0.2852605733035695,0.9333333333333333,-0.21290112993468732,6.219934520227202e-22,0.25,0.25,1.0
digits,2,5,0.2793763373552015,0.9472222222222222,-0.21454098421619003,2.963847658806906e-22,0.25,0.25,1.0
digits,3,1,0.2861658615015106,0.8885793871866295,-0.3047122760347196,3.0706664947272524e-44,0.25,0.25,1.0
digits,3,2,0.2907684511180082,0.9052924791086351,-0.0406925368910646,0.06884410839395286,0.25,0.25,1.0
digits,3,3,0.28883138332758557,0.8885793871866295,-0.5424231662496061,2.165863687306063e-153,0.25,0.25,1.0
digits,3,4,0.2924313415112618,0.9052924791086351,0.11115579651644301,6.248300093547612e-07,0.25,0.25,1.0
digits,3,5,0.28524816691313215,0.8941504178272981,-0.41443012057751977,7.501723130497487e-84,0.25,0.25,1.0
digits,4,1,0.2784502789723558,0.9331476323119777,-0.15380162391804028,4.6753624164236575e-12,0.25,0.25,1.0
digits,4,2,0.27649417837986456,0.9415041782729805,-0.21470827003426296,2.747044226992461e-22,0.25,0.25,1.0
digits,4,3,0.2686340663793347,0.9108635097493036,0.04592728318539862,0.040001814612716985,0.25,0.25,1.0
digits,4,4,0.275791910331384,0.9220055710306406,0.000328468871931584,0.9882871631549314,0.25,0.25,1.0
digits,4,5,0.29331192864824895,0.9387186629526463,-0.20699793419797896,8.526372186093761e-21,0.25,0.25,1.0
digits,5,1,0.2719415279080732,0.8997214484679665,-0.5629133763651355,1.4743514666936905e-167,0.25,0.25,1.0
digits,5,2,0.2830696783065582,0.9108635097493036,0.07924918454263447,0.0003889116868821273,0.25,0.25,1.0
digits,5,3,0.28283011544300946,0.9136490250696379,-0.05033672147292789,0.02437626921128051,0.25,0.25,1.0
digits,5,4,0.2751213303618658,0.924791086350975,-0.33426243441201103,2.096857769188302e-53,0.25,0.25,1.0
digits,5,5,0.273821931072719,0.9303621169916435,-0.13019705852798355,5.101132140119443e-09,0.25,0.25,1.0
digits,1,1,0.3745875752514358,0.9611111111111111,0.532984533058374,3.4553810552003354e-147,0.25,0.5,0.25
digits,1,2,0.38051763594461596,0.95,0.1119850643078723,5.145859681260818e-07,0.25,0.5,0.25
digits,1,3,0.3704106532894876,0.9388888888888889,-0.08372556958976231,0.0001778503007040299,0.25,0.5,0.25
digits,1,4,0.37539116551203255,0.9638888888888889,0.4956383996236982,1.76526996931274e-124,0.25,0.5,0.25
digits,1,5,0.36951733826000266,0.9416666666666667,0.17593654708451123,2.2797030115713145e-15,0.25,0.5,0.25
digits,2,1,0.3703876652608906,0.9527777777777777,0.024677956067218183,0.2699795012837345,0.25,0.5,0.25
digits,2,2,0.3723307930015063,0.9555555555555556,-0.07826048324030267,0.0004598753406506609,0.25,0.5,0.25
digits,2,3,0.3619775399888639,0.9555555555555556,0.49422705823654256,1.124107830206772e-123,0.25,0.5,0.25
digits,2,4,0.36640998232714156,0.9638888888888889,0.06087116287172044,0.0064679419063604976,0.25,0.5,0.25
digits,2,5,0.379000348040416,0.9305555555555556,-0.08658244863359912,0.00010577572573668265,0.25,0.5,0.25
digits,3,1,0.36504633924205054,0.9192200557103064,0.11857192706717042,1.0482588364363347e-07,0.25,0.5,0.25
digits,3,2,0.3643240666323149,0.9080779944289693,0.4684763832396425,1.1947421795350255e-109,0.25,0.5,0.25
digits,3,3,0.3598923207423457,0.9303621169916435,0.37308469235276626,4.4641776814227406e-67,0.25,0.5,0.25
digits,3,4,0.3549536816067478,0.9052924791086351,0.05022979102586913,0.02468107429507885,0.25,0.5,0.25
digits,3,5,0.37591036354081736,0.8997214484679665,0.4888238839495659,1.2422638600803134e-120,0.25,0.5,0.25
digits,4,1,0.380243926115037,0.9387186629526463,-0.03667001309545485,0.10111770947104011,0.25,0.5,0.25
digits,4,2,0.37468028362311284,0.947075208913649,0.26235691979530307,7.748455301131634e-33,0.25,0.5,0.25
digits,4,3,0.3754242761264348,0.9554317548746518,0.24414043668101404,1.576865418589782e-28,0.25,0.5,0.25
digits,4,4,0.35913546906188715,0.9554317548746518,0.038259724218984374,0.087158032957239,0.25,0.5,0.25
digits,4,5,0.37769152641789483,0.9442896935933147,0.25578255645460274,3.050321656474968e-31,0.25,0.5,0.25
digits,5,1,0.37104976197330175,0.935933147632312,0.02909139018367824,0.1934404846770815,0.25,0.5,0.25
digits,5,2,0.3668765395095459,0.9415041782729805,0.17109865411346203,1.3202238590689465e-14,0.25,0.5,0.25
digits,5,3,0.3712825035672953,0.9331476323119777,0.17607517711272386,2.1661948401132387e-15,0.25,0.5,0.25
digits,5,4,0.37894914217020387,0.924791086350975,0.37548846859253315,5.483989387719701e-68,0.25,0.5,0.25
digits,5,5,0.35965376104893454,0.9331476323119777,0.03728284009715533,0.09553898187101618,0.25,0.5,0.25
digits,1,1,0.35094690025258174,0.9416666666666667,7.276475372503456e-05,0.9974052007655615,0.25,0.5,0.5
digits,1,2,0.35014686742117246,0.9416666666666667,-0.05926334866705918,0.008025128573186041,0.25,0.5,0.5
digits,1,3,0.35391389462767164,0.925,0.004212462806256802,0.8506649047579304,0.25,0.5,0.5
digits,1,4,0.3499273247137625,0.9527777777777777,0.2141448596655385,3.547029555646998e-22,0.25,0.5,0.5
digits,1,5,0.3723509852154069,0.9361111111111111,0.25225994258300555,2.0906991265772103e-30,0.25,0.5,0.5
digits,2,1,0.3510406608348963,0.9638888888888889,0.3227630569776235,1.026435447350603e-49,0.25,0.5,0.5
digits,2,2,0.3508476493484606,0.9388888888888889,0.0410304217838662,0.06657067114232967,0.25,0.5,0.5
digits,2,3,0.34612850606149714,0.9333333333333333,-0.08947821940503198,6.146216393334573e-05,0.25,0.5,0.5
digits,2,4,0.3757432964835147,0.9277777777777778,0.1730701039316651,6.4932920207457014e-15,0.25,0.5,0.5
digits,2,5,0.3532031376645908,0.9388888888888889,-0.02151917734053582,0.33611159936066093,0.25,0.5,0.5
digits,3,1,0.3682274365223576,0.9108635097493036,0.13865934485387782,4.746615947059547e-10,0.25,0.5,0.5
digits,3,2,0.35105575426833363,0.8997214484679665,-0.05477459378178756,0.014289504634119264,0.25,0.5,0.5
digits,3,3,0.3485775834792155,0.8941504178272981,-0.1525575400422472,6.95887532027644e-12,0.25,0.5,0.5
digits,3,4,0.3506349074366326,0.8913649025069638,-0.07497404675122472,0.0007920202067249547,0.25,0.5,0.5
digits,3,5,0.3592073466251768,0.9192200557103064,-0.0017834933070782074,0.9364675525079564,0.25,0.5,0.5
digits,4,1,0.35938549652744284,0.9220055710306406,0.05972904580129479,0.0075427665729676085,0.25,0.5,0.5
digits,4,2,0.35115430090753835,0.9442896935933147,0.18327271199654865,1.4427992607162614e-16,0.25,0.5,0.5
digits,4,3,0.3504642460446189,0.9275766016713092,-0.11649305332197936,1.7484703093007024e-07,0.25,0.5,0.5
digits,4,4,0.3529860750606665,0.9331476323119777,0.10580945718207775,2.113034154063176e-06,0.25,0.5,0.5
digits,4,5,0.3611065500449094,0.9303621169916435,-0.003603849045332285,0.8720392194125892,0.25,0.5,0.5
digits,5,1,0.3518082332371825,0.924791086350975,-0.02289140487639278,0.30619967746509763,0.25,0.5,0.5
digits,5,2,0.35756416983394274,0.9080779944289693,0.10828893075658949,1.2094661531545913e-06,0.25,0.5,0.5
digits,5,3,0.3463625180587095,0.9331476323119777,0.44322742177916874,5.148427461776489e-97,0.25,0.5,0.5
digits,5,4,0.35469625328661203,0.9220055710306406,0.12382314987717524,2.7686749642745046e-08,0.25,0.5,0.5
digits,5,5,0.34966245708468857,0.9498607242339833,0.3603480840815563,2.226297437709201e-62,0.25,0.5,0.5
digits,1,1,0.3440618581986628,0.9166666666666666,0.2559513158241164,2.7795245054019316e-31,0.25,0.5,0.75
digits,1,2,0.3509538244908107,0.9444444444444444,-0.17547943074901265,2.6970486168961678e-15,0.25,0.5,0.75
digits,1,3,0.3655786915624242,0.9111111111111111,-0.2374855920702173,4.850738036696671e-27,0.25,0.5,0.75
digits,1,4,0.34826051839610095,0.9416666666666667,0.1587932082583031,9.17350845249392e-13,0.25,0.5,0.75
digits,1,5,0.35437026691195195,0.925,0.017584513215478614,0.43188362094735266,0.25,0.5,0.75
digits,2,1,0.35795806290204196,0.95,0.04064700483721406,0.06915528561010857,0.25,0.5,0.75
digits,2,2,0.34843162041227166,0.9222222222222223,-0.09872291193071546,9.730776692455094e-06,0.25,0.5,0.75
digits,2,3,0.3598350348853307,0.9194444444444444,-0.2291027329517851,3.1320458872545496e-25,0.25,0.5,0.75
digits,2,4,0.35782430304448376,0.9388888888888889,-0.015530952693199578,0.4875737500840308,0.25,0.5,0.75
digits,2,5,0.3411982421960123,0.9277777777777778,0.008542346114187107,0.7026145679685011,0.25,0.5,0.75
digits,3,1,0.328784155071587,0.8885793871866295,0.008618076898720024,0.700105307528142,0.25,0.5,0.75
digits,3,2,0.34604171645597775,0.8607242339832869,-0.3654072023649779,3.21354022146983e-64,0.25,0.5,0.75
digits,3,3,0.36363389938954743,0.9108635097493036,-0.04765011859809754,0.03310098744784425,0.25,0.5,0.75
digits,3,4,0.3498215939757948,0.9025069637883009,-0.08355796587924397,0.0001832653225680075,0.25,0.5,0.75
digits,3,5,0.3613724312094683,0.9220055710306406,-0.22665346499614486,1.0262240982294027e-24,0.25,0.5,0.75
digits,4,1,0.3423065763475474,0.9387186629526463,0.31194226100981637,2.1856900598105418e-46,0.25,0.5,0.75
digits,4,2,0.36671190096502665,0.9387186629526463,0.22997760775372908,2.042943341748452e-25,0.25,0.5,0.75
digits,4,3,0.36918643150555563,0.9275766016713092,0.07033398957835066,0.001647500822574213,0.25,0.5,0.75
digits,4,4,0.36086002660980665,0.9331476323119777,-0.1618735182217591,3.2706505131750824e-13,0.25,0.5,0.75
digits,4,5,0.35836520516392634,0.9275766016713092,-0.13807254293413318,5.623005004002274e-10,0.25,0.5,0.75
digits,5,1,0.3569259892364368,0.9303621169916435,-0.01639891748956957,0.4635750959410676,0.25,0.5,0.75
digits,5,2,0.35856455481902083,0.9220055710306406,-0.2453108536242641,8.53837437554503e-29,0.25,0.5,0.75
digits,5,3,0.349125692849238,0.924791086350975,-0.03623547082245414,0.10522832090190616,0.25,0.5,0.75
digits,5,4,0.34967142873038376,0.9387186629526463,0.057733907086077695,0.009809338615482197,0.25,0.5,0.75
digits,5,5,0.3502775743311336,0.924791086350975,-0.1172063933566032,1.46839991141517e-07,0.25,0.5,0.75
digits,1,1,0.362795782794897,0.9416666666666667,-0.08135642622503676,0.00027038727222243846,0.25,0.5,1.0
digits,1,2,0.34264745358926074,0.9472222222222222,-0.05468937420625696,0.014441702744797611,0.25,0.5,1.0
digits,1,3,0.3542741946007596,0.95,0.06978427954412564,0.0017919780320080833,0.25,0.5,1.0
digits,1,4,0.34139241217715466,0.9444444444444444,-0.3583596115543085,1.1533315673351324e-61,0.25,0.5,1.0
digits,1,5,0.35589646021732724,0.9388888888888889,0.04872443365699505,0.029335023648484573,0.25,0.5,1.0
digits,2,1,0.3538579919398394,0.9472222222222222,0.09434741475453723,2.3773791239426244e-05,0.25,0.5,1.0
digits,2,2,0.3554198576316804,0.9333333333333333,0.33822062427127997,1.0337818531049125e-54,0.25,0.5,1.0
digits,2,3,0.3509342171058701,0.9444444444444444,-0.14158205783488698,2.019576014370998e-10,0.25,0.5,1.0
digits,2,4,0.3515118091683689,0.9416666666666667,0.013491573226386284,0.5465008853656486,0.25,0.5,1.0
digits,2,5,0.3453608478411866,0.9222222222222223,-0.32594366634455624,1.015507525396805e-50,0.25,0.5,1.0
digits,3,1,0.3309715753234492,0.9025069637883009,-0.2695641872391567,1.2237196614238229e-34,0.25,0.5,1.0
digits,3,2,0.34974353834291416,0.8969359331476323,-0.08450956232820693,0.0001544581816311243,0.25,0.5,1.0
digits,3,3,0.35033902077348267,0.9192200557103064,-0.16852954657516828,3.287075208424914e-14,0.25,0.5,1.0
digits,3,4,0.3504821553830784,0.8885793871866295,-0.13321567183746172,2.2240671194978924e-09,0.25,0.5,1.0
digits,3,5,0.34458686849314124,0.8941504178272981,-0.11420369633272882,3.040589757670793e-07,0.25,0.5,1.0
digits,4,1,0.3358348076753534,0.9303621169916435,-0.041005113262306395,0.06673878968848372,0.25,0.5,1.0
digits,4,2,0.35473468831495536,0.9136490250696379,-0.09634727393627633,1.5878745579807768e-05,0.25,0.5,1.0
digits,4,3,0.3539341835295803,0.9303621169916435,0.029114549563565004,0.19308595667074552,0.25,0.5,1.0
digits,4,4,0.35353013524913973,0.9164345403899722,-0.3508991256444854,4.977971531524838e-59,0.25,0.5,1.0
digits,4,5,0.34709451588167883,0.9387186629526463,-0.10326741496970111,3.696619602425245e-06,0.25,0.5,1.0
digits,5,1,0.3537332898000317,0.9331476323119777,0.13198016160008605,3.131054628707332e-09,0.25,0.5,1.0
digits,5,2,0.34506757416856865,0.9108635097493036,-0.2499929281602456,7.102368179632272e-30,0.25,0.5,1.0
digits,5,3,0.34103128245209735,0.9052924791086351,0.06155347347562106,0.005893559873785268,0.25,0.5,1.0
digits,5,4,0.3538274265644955,0.924791086350975,0.09146595427354287,4.1941853341509566e-05,0.25,0.5,1.0
digits,5,5,0.3484754150702427,0.9164345403899722,0.29622730649435774,8.534904924128665e-42,0.25,0.5,1.0
digits,1,1,0.45982923054474245,0.95,0.6493544899875324,7.226296062477189e-240,0.25,0.75,0.25
digits,1,2,0.4506476571290259,0.9388888888888889,0.27532999924698587,4.0385190128711536e-36,0.25,0.75,0.25
digits,1,3,0.4674350387521672,0.9416666666666667,0.42611033355279493,4.893759811161161e-89,0.25,0.75,0.25
digits,1,4,0.46796035975196787,0.9361111111111111,0.2119853010245796,9.38476261893037e-22,0.25,0.75,0.25
digits,1,5,0.46787455887187024,0.9388888888888889,0.2920776271480155,1.2495737792862448e-40,0.25,0.75,0.25
digits,2,1,0.4384189108303405,0.9583333333333334,0.27191659062927903,3.0732741133781394e-35,0.25,0.75,0.25
digits,2,2,0.45768445760649634,0.95,0.06579070847809367,0.0032441906002484804,0.25,0.75,0.25
digits,2,3,0.44375617593504113,0.9472222222222222,-0.06863225983616464,0.0021332124828594545,0.25,0.75,0.25
digits,2,4,0.4640470976180046,0.9388888888888889,0.2480642085927782,1.9908637106985876e-29,0.25,0.75,0.25
digits,2,5,0.5127189693410246,0.9388888888888889,-0.17553571146038086,2.6418626296830126e-15,0.25,0.75,0.25
digits,3,1,0.44931987686255553,0.8969359331476323,0.18796723234348975,2.3195561894582635e-17,0.25,0.75,0.25
digits,3,2,0.43783456066648696,0.9052924791086351,-0.0916678632478051,4.032755728229062e-05,0.25,0.75,0.25
digits,3,3,0.4589301623996116,0.9080779944289693,0.4895068101714822,5.1588918787736325e-121,0.25,0.75,0.25
digits,3,4,0.5015810736398978,0.9192200557103064,0.5392653380094249,2.7093759886114242e-151,0.25,0.75,0.25
digits,3,5,0.42904248644135523,0.8969359331476323,0.10314012814156648,3.80032253633041e-06,0.25,0.75,0.25
digits,4,1,0.4455468946721815,0.9303621169916435,0.3102181820306885,7.198034500931732e-46,0.25,0.75,0.25
digits,4,2,0.4375683649220711,0.958217270194986,0.4602147867118563,2.132606416862991e-105,0.25,0.75,0.25
digits,4,3,0.48442844110656663,0.9387186629526463,0.7859025465122522,0.0,0.25,0.75,0.25
digits,4,4,0.4475779851987383,0.9442896935933147,0.4699408671433013,2.0480655127233888e-110,0.25,0.75,0.25
digits,4,5,0.4597045625213708,0.9526462395543176,0.051979265920827473,0.020087915896374514,0.25,0.75,0.25
digits,5,1,0.46578320385220395,0.9387186629526463,0.12746699264878955,1.0634804063536333e-08,0.25,0.75,0.25
digits,5,2,0.4654633728548737,0.9220055710306406,-0.010187723265074347,0.6488676649876133,0.25,0.75,0.25
digits,5,3,0.4373620430007949,0.9220055710306406,0.2790307303591264,4.328488690992317e-37,0.25,0.75,0.25
digits,5,4,0.4737252277233094,0.9526462395543176,0.46369700897299254,3.557193886531045e-107,0.25,0.75,0.25
digits,5,5,0.4446777418171396,0.9331476323119777,0.06567755825800962,0.0032977655173315142,0.25,0.75,0.25
digits,1,1,0.4911396902846378,0.9277777777777778,0.12272006161451558,3.679163489920863e-08,0.25,0.75,0.5
digits,1,2,0.4335339311427904,0.9388888888888889,0.3943956384273382,2.0087220326053227e-75,0.25,0.75,0.5
digits,1,3,0.42503635195077005,0.9472222222222222,0.011949982144623787,0.5932692993211297,0.25,0.75,0.5
digits,1,4,0.44904677957269623,0.9444444444444444,0.47598782238001275,1.2852391385806434e-113,0.25,0.75,0.5
digits,1,5,0.4418484843229714,0.9416666666666667,0.10452102781762491,2.810073041072482e-06,0.25,0.75,0.5
digits,2,1,0.46225442688740004,0.9472222222222222,0.2843658045336045,1.6282285856751843e-38,0.25,0.75,0.5
digits,2,2,0.4468503706843024,0.9388888888888889,0.006795296572057884,0.7613500437453988,0.25,0.75,0.5
digits,2,3,0.4357737138508792,0.9444444444444444,-0.07595412921713048,0.0006749440663128946,0.25,0.75,0.5
digits,2,4,0.4521855562161069,0.9444444444444444,0.018385447587485507,0.4112034673493825,0.25,0.75,0.5
digits,2,5,0.4435835058587906,0.9138888888888889,-0.19862888151510694,3.0501177294633156e-19,0.25,0.75,0.5
digits,3,1,0.4347834911765607,0.8969359331476323,0.028632659712658822,0.20056154578068328,0.25,0.75,0.5
digits,3,2,0.44235264474853214,0.8913649025069638,-0.1630510948572124,2.193260626001844e-13,0.25,0.75,0.5
digits,3,3,0.4687704452232947,0.8997214484679665,0.22715798567472834,8.045759408655652e-25,0.25,0.75,0.5
digits,3,4,0.43867381930379834,0.871866295264624,0.155044640731179,3.1320205598081606e-12,0.25,0.75,0.5
digits,3,5,0.44848234968772926,0.8941504178272981,0.15061829120664116,1.2851564415530086e-11,0.25,0.75,0.5
digits,4,1,0.43723732256678677,0.9275766016713092,0.3467417986132604,1.3641061282741658e-57,0.25,0.75,0.5
digits,4,2,0.41836313689829063,0.958217270194986,0.49052819017487037,1.3808095593521616e-121,0.25,0.75,0.5
digits,4,3,0.4303709039851418,0.947075208913649,0.18551572726944357,6.061043255025407e-17,0.25,0.75,0.5
digits,4,4,0.4465612009419267,0.9331476323119777,-0.2936476216699479,4.550497232678359e-41,0.25,0.75,0.5
digits,4,5,0.4948461349003861,0.9025069637883009,-0.24711949433783872,3.2876835576536455e-29,0.25,0.75,0.5
digits,5,1,0.4392968759315517,0.9192200557103064,-0.004470709949827638,0.8416274364466454,0.25,0.75,0.5
digits,5,2,0.43625086815145053,0.9192200557103064,0.16823424995032396,3.647125870317709e-14,0.25,0.75,0.5
digits,5,3,0.4373012676958304,0.947075208913649,-0.03213885024884987,0.15078459404595537,0.25,0.75,0.5
digits,5,4,0.43660103550198576,0.9136490250696379,0.1897411678300433,1.1481048486388956e-17,0.25,0.75,0.5
digits,5,5,0.4310055716111243,0.9498607242339833,0.5523171693146578,4.1481562051166316e-160,0.25,0.75,0.5
digits,1,1,0.45464901975353683,0.9333333333333333,-0.03875649808919045,0.0831293188454259,0.25,0.75,0.75
digits,1,2,0.4290879919018502,0.9388888888888889,-0.04006472226602197,0.07323748215497693,0.25,0.75,0.75
digits,1,3,0.43494211065331007,0.9361111111111111,0.31758297805470886,4.186150862862197e-48,0.25,0.75,0.75
digits,1,4,0.4427978519267039,0.9583333333333334,0.520450961710661,3.0009735234128745e-139,0.25,0.75,0.75
digits,1,5,0.4125129649532828,0.9416666666666667,0.18090235906771251,3.5650234123645895e-16,0.25,0.75,0.75
digits,2,1,0.407896135406449,0.9388888888888889,-0.24814935877092503,1.902657398222718e-29,0.25,0.75,0.75
digits,2,2,0.45501291707372515,0.9194444444444444,-0.19507400721816365,1.3294271056035037e-18,0.25,0.75,0.75
digits,2,3,0.4141813963148273,0.9416666666666667,0.21775473729359998,6.811285080493821e-23,0.25,0.75,0.75
digits,2,4,0.4257831869145751,0.9222222222222223,-0.2136992448303801,4.339449055135369e-22,0.25,0.75,0.75
digits,2,5,0.4318356159309097,0.95,0.1829748383130168,1.6175852518074071e-16,0.25,0.75,0.75
digits,3,1,0.4279697757161258,0.8941504178272981,0.08087914168412716,0.0002938108865332075,0.25,0.75,0.75
digits,3,2,0.4127899409259186,0.8969359331476323,-0.15532431828864904,2.8607620676907058e-12,0.25,0.75,0.75
digits,3,3,0.4222024790145132,0.9052924791086351,0.329829990374406,5.78985492434061e-52,0.25,0.75,0.75
digits,3,4,0.412305950702463,0.8885793871866295,0.11454032611428497,2.8048638288053844e-07,0.25,0.75,0.75
digits,3,5,0.41975330673022404,0.9108635097493036,-0.11672238576524596,1.6532307595244706e-07,0.25,0.75,0.75
digits,4,1,0.4225250003287829,0.9554317548746518,0.21570147787625452,1.7475369082906075e-22,0.25,0.75,0.75
digits,4,2,0.4258913731091325,0.947075208913649,0.06231275505671854,0.0053087253767901315,0.25,0.75,0.75
digits,4,3,0.43940965832873025,0.9303621169916435,0.14602615863119808,5.3231141310472995e-11,0.25,0.75,0.75
digits,4,4,0.434774798793951,0.9303621169916435,-0.0042855893534089065,0.8481037660170206,0.25,0.75,0.75
digits,4,5,0.4429774650595024,0.9415041782729805,-0.1556294044283698,2.5910917241250055e-12,0.25,0.75,0.75
digits,5,1,0.48096732508197654,0.9415041782729805,-0.13157067841602138,3.504459813562472e-09,0.25,0.75,0.75
digits,5,2,0.43720163324770345,0.9387186629526463,0.1586965791750233,9.472063480227282e-13,0.25,0.75,0.75
digits,5,3,0.4291224083773171,0.9387186629526463,0.12146897122286669,5.063980017684318e-08,0.25,0.75,0.75
digits,5,4,0.4188597205874402,0.935933147632312,-0.01978182580463853,0.37658632521186186,0.25,0.75,0.75
digits,5,5,0.4293394155124556,0.947075208913649,0.004988743970544469,0.8235624973987548,0.25,0.75,0.75
digits,1,1,0.4234437350372268,0.9388888888888889,-0.27809236687358246,7.650270970405419e-37,0.25,0.75,1.0
digits,1,2,0.43973231935180057,0.9416666666666667,-0.05289653890672807,0.017992009954304583,0.25,0.75,1.0
digits,1,3,0.414585130928268,0.9277777777777778,-0.24722686828887133,3.105821879442884e-29,0.25,0.75,1.0
digits,1,4,0.4177281702782659,0.9194444444444444,-0.03453053964512737,0.12264949055632758,0.25,0.75,1.0
digits,1,5,0.42559741273679164,0.9527777777777777,0.532300220848451,9.563168546415648e-147,0.25,0.75,1.0
digits,2,1,0.42827195856874944,0.9416666666666667,-0.0334432352685434,0.1348857055340501,0.25,0.75,1.0
digits,2,2,0.4263317876627509,0.9472222222222222,-0.14637596906396697,4.7843581697059905e-11,0.25,0.75,1.0
digits,2,3,0.4212729111361114,0.9444444444444444,0.25173806680182353,2.7735195219806906e-30,0.25,0.75,1.0
digits,2,4,0.4054036852187941,0.95,0.3718944402928397,1.2525818342426514e-66,0.25,0.75,1.0
digits,2,5,0.43703242672376486,0.9472222222222222,0.12921715576451204,6.651980519235074e-09,0.25,0.75,1.0
digits,3,1,0.41840757249299315,0.9164345403899722,-0.03822369241094001,0.08745626300623109,0.25,0.75,1.0
digits,3,2,0.4267884753347012,0.9080779944289693,0.3092005389348975,1.449187653353343e-45,0.25,0.75,1.0
digits,3,3,0.41756276467029646,0.9108635097493036,-0.20073851179162863,1.2563806612637045e-19,0.25,0.75,1.0
digits,3,4,0.4407781885007787,0.9108635097493036,-0.09618373472457624,1.6416417823189015e-05,0.25,0.75,1.0
digits,3,5,0.42094590981190694,0.8857938718662952,-0.20497486997174197,2.053795235479655e-20,0.25,0.75,1.0
digits,4,1,0.4067416391402252,0.9387186629526463,0.41975814576834963,3.429078382149013e-86,0.25,0.75,1.0
digits,4,2,0.40260807512910207,0.9415041782729805,0.42421685307376344,3.501471804613967e-88,0.25,0.75,1.0
digits,4,3,0.4217953428804603,0.9220055710306406,0.4062392906994414,2.4588240407449013e-80,0.25,0.75,1.0
digits,4,4,0.4165207277392005,0.947075208913649,0.2127577862738074,6.634380264376061e-22,0.25,0.75,1.0
digits,4,5,0.42885290339114035,0.924791086350975,0.056436891022320475,0.011590631256934514,0.25,0.75,1.0
digits,5,1,0.427048957118663,0.9331476323119777,0.24073139687561612,9.241337694839303e-28,0.25,0.75,1.0
digits,5,2,0.4093895125171332,0.9192200557103064,-0.10049632286149304,6.702425526389683e-06,0.25,0.75,1.0
digits,5,3,0.42104433437521,0.9331476323119777,0.18239417161098614,2.0203829218786787e-16,0.25,0.75,1.0
digits,5,4,0.40038416056956894,0.9387186629526463,0.15695438470247278,1.6816999498806059e-12,0.25,0.75,1.0
digits,5,5,0.42496166481817566,0.9303621169916435,-0.10364753108564148,3.4028205498691153e-06,0.25,0.75,1.0
digits,1,1,0.567560569470737,0.9472222222222222,0.3794318695835899,1.6920243676369066e-69,0.25,1.0,0.25
digits,1,2,0.5696086484382262,0.9361111111111111,0.5793963158620019,1.0715500678621591e-179,0.25,1.0,0.25
digits,1,3,0.5503095951263114,0.95,0.5144757350085976,1.4009013839372857e-135,0.25,1.0,0.25
digits,1,4,0.5410670264015596,0.95,0.7024718430202934,2.033004733149109e-297,0.25,1.0,0.25
digits,1,5,0.5436804264690509,0.9277777777777778,0.1051467995884033,2.4477316808010933e-06,0.25,1.0,0.25
digits,2,1,0.5235165336923931,0.9472222222222222,0.42902040873067926,2.32011919824408e-90,0.25,1.0,0.25
digits,2,2,0.514342252804956,0.925,-0.05337188072201627,0.016983152689930864,0.25,1.0,0.25
digits,2,3,0.5314404425031998,0.9527777777777777,0.6352540266218921,1.7720576741795623e-226,0.25,1.0,0.25
digits,2,4,0.5283650560996311,0.9527777777777777,0.1494302153153832,1.8641494823058803e-11,0.25,1.0,0.25
digits,2,5,0.547806238769785,0.9472222222222222,0.1116715777049578,5.538571050964087e-07,0.25,1.0,0.25
digits,3,1,0.5300105197675284,0.8885793871866295,-0.1852407921848662,6.744859685505134e-17,0.25,1.0,0.25
digits,3,2,0.5209897474173488,0.924791086350975,0.061655528475879545,0.005811715257023042,0.25,1.0,0.25
digits,3,3,0.5554144483344341,0.9108635097493036,0.3804358830599708,6.925113709611695e-70,0.25,1.0,0.25
digits,3,4,0.5237581582792301,0.924791086350975,0.42566380572155516,7.79241767338303e-89,0.25,1.0,0.25
digits,3,5,0.5457550720025587,0.9164345403899722,-0.18204450944582523,2.3090290174998027e-16,0.25,1.0,0.25
digits,4,1,0.5498745391330284,0.9415041782729805,0.30230531562212126,1.544751359453557e-43,0.25,1.0,0.25
digits,4,2,0.5515810021798311,0.947075208913649,0.633308315612068,1.1003085356770185e-224,0.25,1.0,0.25
digits,4,3,0.5546473150242617,0.9442896935933147,0.614196214824682,9.804131532057805e-208,0.25,1.0,0.25
digits,4,4,0.547608543259742,0.9331476323119777,0.1315095480206982,3.5637965862318614e-09,0.25,1.0,0.25
digits,4,5,0.5391844296160277,0.935933147632312,0.2838506417622237,2.242053587975352e-38,0.25,1.0,0.25
digits,5,1,0.5365150821168971,0.9387186629526463,0.4416751871220518,2.8457193338361893e-96,0.25,1.0,0.25
digits,5,2,0.5793899866678502,0.947075208913649,0.5488650571764292,9.712902834125568e-158,0.25,1.0,0.25
digits,5,3,0.5545682383223594,0.947075208913649,0.37592613842335004,3.736448254429197e-68,0.25,1.0,0.25
digits,5,4,0.5734952538259378,0.9275766016713092,-0.0013659635974536467,0.9513197180946659,0.25,1.0,0.25
digits,5,5,0.5350389374635294,0.947075208913649,0.2089726805833796,3.582849727401289e-21,0.25,1.0,0.25
digits,1,1,0.49242059762221674,0.9416666666666667,0.059452951167203665,0.007825505703272612,0.25,1.0,0.5
digits,1,2,0.5097094921146044,0.9333333333333333,-0.032961613514880146,0.140598214999772,0.25,1.0,0.5
digits,1,3,0.5128880419673407,0.9388888888888889,-0.057427612633528274,0.010206449324541084,0.25,1.0,0.5
digits,1,4,0.5255252724621049,0.9416666666666667,0.40485970965021945,9.40243618691732e-80,0.25,1.0,0.5
digits,1,5,0.505617235678005,0.95,0.33388015603960497,2.797677201162606e-53,0.25,1.0,0.5
digits,2,1,0.5408504556133868,0.9583333333333334,0.38914250491235863,2.6199389290240942e-73,0.25,1.0,0.5
digits,2,2,0.5703971575934119,0.9444444444444444,0.16162301999086268,3.559472627036029e-13,0.25,1.0,0.5
digits,2,3,0.518040138054662,0.9527777777777777,0.4514058377864806,5.434801734855659e-101,0.25,1.0,0.5
digits,2,4,0.5351210794622299,0.9555555555555556,-0.04868528931476207,0.029465482683563752,0.25,1.0,0.5
digits,2,5,0.5308455283379924,0.9611111111111111,0.3462201174281882,2.0593824810177645e-57,0.25,1.0,0.5
digits,3,1,0.5209182663358864,0.9164345403899722,-0.17705995223906898,1.5052675986522922e-15,0.25,1.0,0.5
digits,3,2,0.5464037111348079,0.9108635097493036,0.3520362289246799,1.9952309829722936e-59,0.25,1.0,0.5
digits,3,3,0.5070366886458086,0.9052924791086351,-0.16466062941937065,1.2641864208323483e-13,0.25,1.0,0.5
digits,3,4,0.5269032302836154,0.9275766016713092,0.45875742392945407,1.1664085256507652e-104,0.25,1.0,0.5
digits,3,5,0.5060986587815983,0.9025069637883009,0.2891400538331061,8.13192971583553e-40,0.25,1.0,0.5
digits,4,1,0.5285969589492535,0.9275766016713092,0.17358382001070494,5.389666621242321e-15,0.25,1.0,0.5
digits,4,2,0.5244179223893171,0.9303621169916435,0.3913246748605683,3.5012861766587787e-74,0.25,1.0,0.5
digits,4,3,0.5479294195342631,0.9387186629526463,0.35140366447277505,3.319533504041986e-59,0.25,1.0,0.5
digits,4,4,0.534541904547239,0.947075208913649,0.10023941831523163,7.077100277723096e-06,0.25,1.0,0.5
digits,4,5,0.4904305021344103,0.9387186629526463,0.6814292127663807,3.74601717349945e-273,0.25,1.0,0.5
digits,5,1,0.580237420598911,0.935933147632312,0.46223641409233346,1.9920734599647957e-106,0.25,1.0,0.5
digits,5,2,0.5054855973694439,0.9442896935933147,0.3623249169539968,4.288759782540177e-63,0.25,1.0,0.5
digits,5,3,0.5341782458551425,0.9331476323119777,0.3820993488062149,1.5653375579974418e-70,0.25,1.0,0.5
digits,5,4,0.5072323175278832,0.9303621169916435,0.3429064330453735,2.7675435408657153e-56,0.25,1.0,0.5
digits,5,5,0.52763872319749,0.9192200557103064,-0.05883071898946169,0.00849777654521484,0.25,1.0,0.5
digits,1,1,0.5173727702084201,0.9361111111111111,0.2463481589700229,4.943915458457664e-29,0.25,1.0,0.75
digits,1,2,0.5069155417091311,0.9333333333333333,0.29760573415854935,3.46521256711981e-42,0.25,1.0,0.75
digits,1,3,0.5338937831202589,0.9416666666666667,0.2004540951532377,1.4167855494608418e-19,0.25,1.0,0.75
digits,1,4,0.49982167538045363,0.9416666666666667,0.33835753137349744,9.308367013673757e-55,0.25,1.0,0.75
digits,1,5,0.5361878458329106,0.9416666666666667,0.07019077387839913,0.0016840723916884876,0.25,1.0,0.75
digits,2,1,0.5161002416677247,0.9333333333333333,-0.26573952810832874,1.1236138351935473e-33,0.25,1.0,0.75
digits,2,2,0.4997105846126701,0.9583333333333334,0.35806167812468287,1.4741787183531436e-61,0.25,1.0,0.75
digits,2,3,0.5215090229995112,0.9388888888888889,0.0944727028528205,2.3185563333710093e-05,0.25,1.0,0.75
digits,2,4,0.5068228112822797,0.9416666666666667,0.24022494384085397,1.1989506621840649e-27,0.25,1.0,0.75
digits,2,5,0.5182897151158281,0.9333333333333333,-0.08055955657745097,0.00031054254511662347,0.25,1.0,0.75
digits,3,1,0.5729489021388428,0.8997214484679665,-0.12887965354267872,7.285506555835325e-09,0.25,1.0,0.75
digits,3,2,0.46623146373024493,0.9025069637883009,-0.011681640681878958,0.6015937020197102,0.25,1.0,0.75
digits,3,3,0.5190238096062227,0.9331476323119777,0.5767022647263608,1.1519731628813903e-177,0.25,1.0,0.75
digits,3,4,0.4805276484214641,0.8997214484679665,-0.08476689478578328,0.00014743339592085245,0.25,1.0,0.75
digits,3,5,0.4848250326971625,0.9192200557103064,0.3104470311694217,6.14758617225761e-46,0.25,1.0,0.75
digits,4,1,0.5030558495118913,0.9275766016713092,0.08311859366749044,0.00019820514345525228,0.25,1.0,0.75
digits,4,2,0.4902339347885144,0.9275766016713092,0.7304551168044761,0.0,0.25,1.0,0.75
digits,4,3,0.5038207558136136,0.9387186629526463,0.4816814317591045,1.0823465171511763e-116,0.25,1.0,0.75
digits,4,4,0.4899483613288994,0.9303621169916435,0.050734678134575016,0.023270360700751013,0.25,1.0,0.75
digits,4,5,0.523618985604968,0.9387186629526463,0.04618984598981954,0.03887725588028546,0.25,1.0,0.75
digits,5,1,0.5206328764832984,0.935933147632312,0.10774591038266505,1.368100669810995e-06,0.25,1.0,0.75
digits,5,2,0.5001426720149913,0.9331476323119777,0.2775386844698461,1.0694707695365586e-36,0.25,1.0,0.75
digits,5,3,0.515338185141104,0.924791086350975,-0.07584442474795085,0.0006872002777643146,0.25,1.0,0.75
digits,5,4,0.4803385878987285,0.9192200557103064,0.162507342269587,2.6386662442311653e-13,0.25,1.0,0.75
digits,5,5,0.5313781084451681,0.9220055710306406,0.13849955506048434,4.97109728323569e-10,0.25,1.0,0.75
digits,1,1,0.4966141056620774,0.9444444444444444,0.1927596786079556,3.414729688238488e-18,0.25,1.0,1.0
digits,1,2,0.5143323798994223,0.9194444444444444,0.15846793773038834,1.0216963240971797e-12,0.25,1.0,1.0
digits,1,3,0.49172323782643146,0.95,0.4324558290688605,6.1028540729918415e-92,0.25,1.0,1.0
digits,1,4,0.5075467302470626,0.9388888888888889,0.25195449135610104,2.4669765045930416e-30,0.25,1.0,1.0
digits,1,5,0.4803610558402954,0.9666666666666667,0.35011691391912975,9.316220954816165e-59,0.25,1.0,1.0
digits,2,1,0.4733202712452439,0.9222222222222223,0.03790634519518281,0.09011857574511783,0.25,1.0,1.0
digits,2,2,0.50011891210786,0.9527777777777777,0.10761472039641629,1.4093237063064612e-06,0.25,1.0,1.0
digits,2,3,0.5188158569237139,0.95,0.004216343102019251,0.8505289638825303,0.25,1.0,1.0
digits,2,4,0.5139326566820218,0.95,-0.1941730090753168,1.9220958263008925e-18,0.25,1.0,1.0
digits,2,5,0.5145109017821974,0.9472222222222222,0.34279168799130966,3.0263696804797007e-56,0.25,1.0,1.0
digits,3,1,0.4894245967415902,0.9220055710306406,0.4635367500304327,4.299112723157725e-107,0.25,1.0,1.0
digits,3,2,0.49967340672378235,0.8913649025069638,-0.039719021372427846,0.07575288029901314,0.25,1.0,1.0
digits,3,3,0.4858953035848058,0.9164345403899722,-0.029125406160666924,0.1929199262126395,0.25,1.0,1.0
digits,3,4,0.5041350785499064,0.9025069637883009,-0.06373349706526649,0.0043531856042892,0.25,1.0,1.0
digits,3,5,0.48399391302155925,0.9136490250696379,-0.08140526656554031,0.0002680916295728636,0.25,1.0,1.0
digits,4,1,0.5002215875188624,0.958217270194986,0.001936452662401893,0.9310318055896327,0.25,1.0,1.0
digits,4,2,0.5039124918108685,0.9442896935933147,-0.15653644481063783,1.9281453165265966e-12,0.25,1.0,1.0
digits,4,3,0.4865481221864699,0.9554317548746518,0.09841834722227263,1.0367710886588227e-05,0.25,1.0,1.0
digits,4,4,0.4820262961172921,0.9331476323119777,0.050128257935565995,0.024973542254525267,0.25,1.0,1.0
digits,4,5,0.50989846307962,0.9554317548746518,0.5576002979184248,8.65688431420255e-164,0.25,1.0,1.0
digits,5,1,0.46773296211299803,0.935933147632312,0.15416062876558184,4.165902542816064e-12,0.25,1.0,1.0
digits,5,2,0.4888088195729132,0.9220055710306406,0.0633488654229707,0.004595163182020934,0.25,1.0,1.0
digits,5,3,0.4947420097090829,0.935933147632312,-0.17416398602148747,4.3641188698273355e-15,0.25,1.0,1.0
digits,5,4,0.48688972339488124,0.947075208913649,0.43516648141407577,3.356826223978827e-93,0.25,1.0,1.0
digits,5,5,0.5057770128093848,0.9192200557103064,0.025336786721697584,0.25739530731812366,0.25,1.0,1.0
digits,1,1,0.5281524474773867,0.9527777777777777,0.08798958179242948,8.141449925497063e-05,0.5,0.25,0.25
digits,1,2,0.5071936379366982,0.9388888888888889,0.04924961938630607,0.02763216059754279,0.5,0.25,0.25
digits,1,3,0.5143730810928187,0.9444444444444444,0.020946013644057467,0.34914382150557266,0.5,0.25,0.25
digits,1,4,0.5131824337459172,0.9472222222222222,0.17914533431950053,6.915726340683428e-16,0.5,0.25,0.25
digits,1,5,0.5170908844025397,0.9305555555555556,0.09566441694427141,1.8241111464847874e-05,0.5,0.25,0.25
digits,2,1,0.5124993225449374,0.9361111111111111,0.03555135097548185,0.11196713784702912,0.5,0.25,0.25
digits,2,2,0.4990418076010309,0.9388888888888889,0.016682810691272275,0.4558707548420552,0.5,0.25,0.25
digits,2,3,0.5153896976626416,0.95,0.08818464547605674,7.848923028831218e-05,0.5,0.25,0.25
digits,2,4,0.5149484441941801,0.9361111111111111,0.03195555564397454,0.1531286459534753,0.5,0.25,0.25
digits,2,5,0.5159493643107562,0.9555555555555556,0.1378506358482709,5.993971944803938e-10,0.5,0.25,0.25
digits,3,1,0.5114504136927028,0.9025069637883009,-0.025063402059044795,0.2625669207597861,0.5,0.25,0.25
digits,3,2,0.5098537230410136,0.9136490250696379,0.08909249233203387,6.613394100044248e-05,0.5,0.25,0.25
digits,3,3,0.5141268547850222,0.8941504178272981,0.16552982798790788,9.366870112547815e-14,0.5,0.25,0.25
digits,3,4,0.5214312100209034,0.9192200557103064,0.4360115671414362,1.3516887086103203e-93,0.5,0.25,0.25
digits,3,5,0.51707270436267,0.9025069637883009,0.13346621890630656,2.0742387314771407e-09,0.5,0.25,0.25
digits,4,1,0.5168376557198374,0.9442896935933147,0.14304272533493495,1.3088726039653896e-10,0.5,0.25,0.25
digits,4,2,0.5078706594665021,0.9387186629526463,0.16446990805580436,1.3498632951925699e-13,0.5,0.25,0.25
digits,4,3,0.5128182577296878,0.9220055710306406,0.143850982330175,1.027633653032433e-10,0.5,0.25,0.25
digits,4,4,0.5130851175517869,0.935933147632312,0.049895606555625596,0.02565502827537065,0.5,0.25,0.25
digits,4,5,0.5193753337847401,0.9387186629526463,0.09234005876330745,3.536741566708981e-05,0.5,0.25,0.25
digits,5,1,0.5225541742119315,0.9415041782729805,0.024333169225966934,0.2767306048119202,0.5,0.25,0.25
digits,5,2,0.5122641232091678,0.9442896935933147,-0.08400831930045106,0.00016905441292900192,0.5,0.25,0.25
digits,5,3,0.5155214422333181,0.9303621169916435,-0.03151504452048468,0.15887525383060502,0.5,0.25,0.25
digits,5,4,0.5243872818905484,0.9526462395543176,0.057529868286198216,0.010072312708684897,0.5,0.25,0.25
digits,5,5,0.5160604017116076,0.9220055710306406,0.04322762159005116,0.05324939199926258,0.5,0.25,0.25
digits,1,1,0.500043622262313,0.9277777777777778,-0.11218862526780234,4.905373364783604e-07,0.5,0.25,0.5
digits,1,2,0.5130874545200876,0.9527777777777777,0.06375864307916898,0.004337775278361028,0.5,0.25,0.5
digits,1,3,0.5091003539319415,0.9472222222222222,-0.08489101143752602,0.00014415370024814612,0.5,0.25,0.5
digits,1,4,0.5053070258208621,0.9333333333333333,-0.07512159682488119,0.0007732659457837451,0.5,0.25,0.5
digits,1,5,0.5079162017925433,0.9527777777777777,0.03251508994640923,0.14605882556066976,0.5,0.25,0.5
digits,2,1,0.5087596415607984,0.9333333333333333,0.06915576729829934,0.0019713720189318356,0.5,0.25,0.5
digits,2,2,0.5107614004727437,0.9555555555555556,0.016972120574131454,0.44809401447428177,0.5,0.25,0.5
digits,2,3,0.5153559760870661,0.9388888888888889,0.13440480193384724,1.5954831167163918e-09,0.5,0.25,0.5
digits,2,4,0.5112072414070252,0.9583333333333334,-0.15739610262463144,1.4548018422883836e-12,0.5,0.25,0.5
digits,2,5,0.5028299055308725,0.9444444444444444,0.10505292776916714,2.4990736970420794e-06,0.5,0.25,0.5
digits,3,1,0.509750126091316,0.8997214484679665,0.05726447136926876,0.010423745999507952,0.5,0.25,0.5
digits,3,2,0.5023176632078696,0.8941504178272981,0.03171926102731443,0.1561912238776141,0.5,0.25,0.5
digits,3,3,0.5109145515327131,0.8969359331476323,-0.15060883033402858,1.288983423378741e-11,0.5,0.25,0.5
digits,3,4,0.49959735091640345,0.9164345403899722,0.11077264936450014,6.831409790170179e-07,0.5,0.25,0.5
digits,3,5,0.5088436472126997,0.9025069637883009,-0.15655338274690003,1.917502415266084e-12,0.5,0.25,0.5
digits,4,1,0.5012954878372218,0.9220055710306406,-0.24722794304299908,3.1040529174278596e-29,0.5,0.25,0.5
digits,4,2,0.5012952865976856,0.935933147632312,0.0023046302796664556,0.9179614620116947,0.5,0.25,0.5
digits,4,3,0.5057750285858533,0.924791086350975,-0.04132785044181507,0.06462091382376316,0.5,0.25,0.5
digits,4,4,0.5018488704843485,0.9192200557103064,0.020045515740678914,0.3702568819751837,0.5,0.25,0.5
digits,4,5,0.5011723968303372,0.9415041782729805,0.143874989309578,1.0202551555723186e-10,0.5,0.25,0.5
digits,5,1,0.4990344962113242,0.935933147632312,-0.0033199520635333792,0.8820426016000551,0.5,0.25,0.5
digits,5,2,0.5008598067133586,0.9164345403899722,-0.0482114112220625,0.03108478710987729,0.5,0.25,0.5
digits,5,3,0.49011331416711235,0.9220055710306406,0.011949681688135204,0.5932785904411497,0.5,0.25,0.5
digits,5,4,0.5141320222655484,0.9192200557103064,-0.04913058823381217,0.028010454358326685,0.5,0.25,0.5
digits,5,5,0.4930527146758005,0.9275766016713092,0.07599357990634595,0.0006705864909523691,0.5,0.25,0.5
digits,1,1,0.49937161436774724,0.9361111111111111,-0.07311375976719643,0.0010675845345546333,0.5,0.25,0.75
digits,1,2,0.49217564703527283,0.9138888888888889,-0.13712625055362085,7.378710178014434e-10,0.5,0.25,0.75
digits,1,3,0.4835344843376956,0.9111111111111111,0.07388040490639275,0.0009447410848827364,0.5,0.25,0.75
digits,1,4,0.5022669622957863,0.9416666666666667,-0.2632316057838709,4.7156006385248106e-33,0.5,0.25,0.75
digits,1,5,0.49289986587115076,0.9194444444444444,-0.3039356444327432,5.180181286120747e-44,0.5,0.25,0.75
digits,2,1,0.49804243593292885,0.9388888888888889,0.14495132078667558,7.37672140983963e-11,0.5,0.25,0.75
digits,2,2,0.5074631407983161,0.9305555555555556,-0.1484276813529279,2.5455397313275468e-11,0.5,0.25,0.75
digits,2,3,0.5128728695246808,0.9333333333333333,0.029273030824839383,0.1906726893842641,0.5,0.25,0.75
digits,2,4,0.4999292284746233,0.9388888888888889,-0.11026083203145921,7.692577610706512e-07,0.5,0.25,0.75
digits,2,5,0.5022193405593329,0.95,0.14280609200315203,1.4045709967887502e-10,0.5,0.25,0.75
digits,3,1,0.5012612156656199,0.9025069637883009,-0.016485834778941107,0.4612086519684685,0.5,0.25,0.75
digits,3,2,0.5167114854229197,0.8941504178272981,-0.09598013042010912,1.7110065570062384e-05,0.5,0.25,0.75
digits,3,3,0.507147371270505,0.8913649025069638,-0.09213126136571365,3.68425274966953e-05,0.5,0.25,0.75
digits,3,4,0.5058420842438796,0.9080779944289693,0.035266236144650916,0.11487413675654341,0.5,0.25,0.75
digits,3,5,0.5010152828800025,0.8997214484679665,0.14404929794560847,9.682120770844295e-11,0.5,0.25,0.75
digits,4,1,0.4903780570484736,0.9192200557103064,-0.14336407783834115,1.1890442848115772e-10,0.5,0.25,0.75
digits,4,2,0.4921559425148535,0.9164345403899722,-0.27149357910148525,3.944108179376953e-35,0.5,0.25,0.75
digits,4,3,0.5076454706370012,0.9303621169916435,-0.18279685338608995,1.7318111716317124e-16,0.5,0.25,0.75
digits,4,4,0.48480064795666256,0.9164345403899722,-0.07373851854295964,0.0009664402313707287,0.5,0.25,0.75
digits,4,5,0.5001468483472686,0.9387186629526463,-0.15321516183849182,5.641749568011609e-12,0.5,0.25,0.75
digits,5,1,0.48737110499940073,0.924791086350975,-0.13542790844716265,1.1960901130395854e-09,0.5,0.25,0.75
digits,5,2,0.503178998389146,0.924791086350975,0.015560389555616958,0.48674900984557246,0.5,0.25,0.75
digits,5,3,0.5039495865021315,0.9303621169916435,-0.009911391713155398,0.6577768151982646,0.5,0.25,0.75
digits,5,4,0.49042424063309475,0.9136490250696379,-0.14960604244715475,1.7646446911601388e-11,0.5,0.25,0.75
digits,5,5,0.5016235319018123,0.924791086350975,-0.40650125602759524,1.904603401872877e-80,0.5,0.25,0.75
digits,1,1,0.5013293881364027,0.9472222222222222,-0.3455625815438701,3.457217228483412e-57,0.5,0.25,1.0
digits,1,2,0.498496856793885,0.9416666666666667,-0.31251624401184935,1.4672115619775302e-46,0.5,0.25,1.0
digits,1,3,0.5063916117073697,0.9444444444444444,-0.04184987248232119,0.06131280695072852,0.5,0.25,1.0
digits,1,4,0.4878797790599189,0.9138888888888889,-0.023998939819053277,0.28338387116833547,0.5,0.25,1.0
digits,1,5,0.5042919004209188,0.9277777777777778,-0.2956168846892942,1.2701953781829723e-41,0.5,0.25,1.0
digits,2,1,0.5172085554147724,0.9527777777777777,0.31000934434201805,8.311501360305138e-46,0.5,0.25,1.0
digits,2,2,0.5028712963434631,0.9416666666666667,0.05393198337472541,0.01585834918312364,0.5,0.25,1.0
digits,2,3,0.5141813938353827,0.9361111111111111,-0.0560325569423328,0.01220177265873575,0.5,0.25,1.0
digits,2,4,0.4915014464160217,0.925,-0.04450167961212502,0.0466000556085596,0.5,0.25,1.0
digits,2,5,0.49971479716135325,0.9388888888888889,-0.220926294435313,1.559311445109924e-23,0.5,0.25,1.0
digits,3,1,0.49427608654249877,0.8941504178272981,-0.5180456519237083,9.184894519791072e-138,0.5,0.25,1.0
digits,3,2,0.5070734306214341,0.9136490250696379,-0.2987263855329715,1.659141123433473e-42,0.5,0.25,1.0
digits,3,3,0.49253801309627837,0.8802228412256268,-0.16983840590604757,2.0689501106897304e-14,0.5,0.25,1.0
digits,3,4,0.5043344355660863,0.9303621169916435,-0.1103949848821945,7.457257115338633e-07,0.5,0.25,1.0
digits,3,5,0.5076999696728147,0.8941504178272981,-0.1878491135822046,2.4301609977985223e-17,0.5,0.25,1.0
digits,4,1,0.49903630416151556,0.9108635097493036,-0.006976915259256625,0.7551728667948007,0.5,0.25,1.0
digits,4,2,0.4938360729479314,0.9136490250696379,-0.12435347990625902,2.4128201147123658e-08,0.5,0.25,1.0
digits,4,3,0.5009063700544949,0.935933147632312,-0.42062420631546044,1.4151635271022833e-86,0.5,0.25,1.0
digits,4,4,0.5057067661588309,0.9192200557103064,-0.17304983432822696,6.541118873494783e-15,0.5,0.25,1.0
digits,4,5,0.505171181398823,0.9136490250696379,-0.004898472814409469,0.8267040146411953,0.5,0.25,1.0
digits,5,1,0.48477766611942563,0.8997214484679665,-0.08465809843088834,0.00015036588003012832,0.5,0.25,1.0
digits,5,2,0.49860511180813083,0.9275766016713092,-0.06818417442859699,0.002281310157676483,0.5,0.25,1.0
digits,5,3,0.49466255418830546,0.9192200557103064,-0.3289322471228835,1.1262904748698396e-51,0.5,0.25,1.0
digits,5,4,0.48163786930852315,0.924791086350975,-0.23247671677259324,5.968974061970879e-26,0.5,0.25,1.0
digits,5,5,0.4981642371857443,0.924791086350975,-0.3444955924698125,7.992275499354955e-57,0.5,0.25,1.0
digits,1,1,0.5861534663544627,0.9583333333333334,0.2961171428471532,9.170480976406611e-42,0.5,0.5,0.25
digits,1,2,0.6010288552149895,0.9444444444444444,0.3607734743055726,1.5634961565964763e-62,0.5,0.5,0.25
digits,1,3,0.6157588536605401,0.9388888888888889,0.471017221825315,5.572165052165905e-111,0.5,0.5,0.25
digits,1,4,0.5984575885205633,0.9333333333333333,0.08935749806893911,6.288963424930259e-05,0.5,0.5,0.25
digits,1,5,0.5900669935627462,0.95,0.37211012152410894,1.0393303083391285e-66,0.5,0.5,0.25
digits,2,1,0.5961836699480122,0.9555555555555556,0.2359831760495641,1.0362520885545885e-26,0.5,0.5,0.25
digits,2,2,0.591835415717485,0.9416666666666667,0.07422168490985659,0.0008943816864965573,0.5,0.5,0.25
digits,2,3,0.5869525522711861,0.9416666666666667,0.1269927915277235,1.2063514530643178e-08,0.5,0.5,0.25
digits,2,4,0.5906871476154145,0.9305555555555556,0.06765535807763687,0.0024681679730831894,0.5,0.5,0.25
digits,2,5,0.6022246638694182,0.9527777777777777,0.022832008205702494,0.3074567287656294,0.5,0.5,0.25
digits,3,1,0.5928704305285223,0.8997214484679665,-0.05713229676010882,0.010602802564679398,0.5,0.5,0.25
digits,3,2,0.6004684064994185,0.9220055710306406,0.27640018105140324,2.1246347764753713e-36,0.5,0.5,0.25
digits,3,3,0.5997207753944667,0.9108635097493036,0.28849503714726227,1.2232435691465104e-39,0.5,0.5,0.25
digits,3,4,0.5846651165569139,0.9080779944289693,0.08907655003579804,6.633407582417605e-05,0.5,0.5,0.25
digits,3,5,0.6044345498227373,0.9080779944289693,0.4085240749348687,2.629894487250874e-81,0.5,0.5,0.25
digits,4,1,0.5929354792632923,0.9415041782729805,0.25321813959662126,1.2422005218404221e-30,0.5,0.5,0.25
digits,4,2,0.5901592223472816,0.935933147632312,0.06889175125943042,0.0020515285018509266,0.5,0.5,0.25
digits,4,3,0.5959876460633597,0.9387186629526463,0.3379778609576612,1.2449473517920933e-54,0.5,0.5,0.25
digits,4,4,0.5976668196101145,0.947075208913649,0.19359408860913044,2.433543953435676e-18,0.5,0.5,0.25
digits,4,5,0.5995766188999798,0.924791086350975,0.4624811044875703,1.4935331163159773e-106,0.5,0.5,0.25
digits,5,1,0.6003139576441068,0.9610027855153204,0.40244494407755144,9.688304578139265e-79,0.5,0.5,0.25
digits,5,2,0.6055642642266221,0.9220055710306406,0.15988206091042814,6.385687134228295e-13,0.5,0.5,0.25
digits,5,3,0.5870068769769599,0.9192200557103064,0.17015451987269548,1.8490593828434875e-14,0.5,0.5,0.25
digits,5,4,0.592688355516138,0.9220055710306406,0.2209370286667849,1.5514891890114445e-23,0.5,0.5,0.25
digits,5,5,0.590071882154074,0.9303621169916435,0.2930017118080559,6.900494332051336e-41,0.5,0.5,0.25
digits,1,1,0.5812172085497291,0.9472222222222222,0.1522822089984624,7.595802563318873e-12,0.5,0.5,0.5
digits,1,2,0.578280543525154,0.9361111111111111,-0.04308039158079228,0.05406648997986029,0.5,0.5,0.5
digits,1,3,0.5878208474873275,0.95,0.08924784096291864,6.421340578798121e-05,0.5,0.5,0.5
digits,1,4,0.5802268882615222,0.9361111111111111,-0.13999519954499665,3.2189442980562543e-10,0.5,0.5,0.5
digits,1,5,0.5887434675574115,0.9222222222222223,-0.023504551726107607,0.29342236001864314,0.5,0.5,0.5
digits,2,1,0.5773992412371671,0.9361111111111111,0.14502718169021583,7.209362605099218e-11,0.5,0.5,0.5
digits,2,2,0.5832964211835134,0.9472222222222222,0.07521969476195214,0.0007610261660120449,0.5,0.5,0.5
digits,2,3,0.5798603316012012,0.9527777777777777,-0.051444682031363306,0.021405127086400768,0.5,0.5,0.5
digits,2,4,0.5899190715641541,0.9388888888888889,0.244061822426558,1.6430042491334284e-28,0.5,0.5,0.5
digits,2,5,0.5636957208615287,0.9416666666666667,-0.049536051556596,0.026739849316207483,0.5,0.5,0.5
digits,3,1,0.5768068957815196,0.9136490250696379,0.21623072907595597,1.3719896553110633e-22,0.5,0.5,0.5
digits,3,2,0.6011041636680442,0.8969359331476323,0.017343571605794233,0.4382206036040682,0.5,0.5,0.5
digits,3,3,0.5752935442792736,0.8913649025069638,0.08847841659351859,7.4270433629795e-05,0.5,0.5,0.5
digits,3,4,0.5867640901192921,0.9164345403899722,0.2535645363824118,1.028532299623354e-30,0.5,0.5,0.5
digits,3,5,0.5808406378590677,0.8941504178272981,-0.11209851649314231,5.010460617489436e-07,0.5,0.5,0.5
digits,4,1,0.5770919808796866,0.9387186629526463,0.22321920843580143,5.293914865979757e-24,0.5,0.5,0.5
digits,4,2,0.5758792564548623,0.9275766016713092,0.12667169147136043,1.3134997806444656e-08,0.5,0.5,0.5
digits,4,3,0.5711077759487703,0.9220055710306406,0.09416403206730387,2.4660413961126667e-05,0.5,0.5,0.5
digits,4,4,0.5741868984671894,0.9164345403899722,0.12331595309995365,3.156312623107465e-08,0.5,0.5,0.5
digits,4,5,0.5773550991682521,0.9387186629526463,-0.10739837131171369,1.4799254317573045e-06,0.5,0.5,0.5
digits,5,1,0.565103275737862,0.9387186629526463,0.07337694749359674,0.001023838860403388,0.5,0.5,0.5
digits,5,2,0.5852875970609968,0.947075208913649,0.15629658054304513,2.085226148324357e-12,0.5,0.5,0.5
digits,5,3,0.5641391564817007,0.9442896935933147,0.028909587795594018,0.19624015577921486,0.5,0.5,0.5
digits,5,4,0.5802962580174338,0.9442896935933147,0.19161275147654094,5.426048629171955e-18,0.5,0.5,0.5
digits,5,5,0.5873326162637491,0.8997214484679665,0.3321139089474733,1.0545933663481424e-52,0.5,0.5,0.5
digits,1,1,0.5695018627972394,0.9333333333333333,0.17029791377614145,1.757049936902802e-14,0.5,0.5,0.75
digits,1,2,0.5771480499388392,0.95,0.03975790461694506,0.07546648718819594,0.5,0.5,0.75
digits,1,3,0.5768026068036985,0.9333333333333333,0.2908989793588815,2.656411160487973e-40,0.5,0.5,0.75
digits,1,4,0.5785016667332847,0.9472222222222222,0.01249446259032691,0.5765427230354178,0.5,0.5,0.75
digits,1,5,0.5736617412751928,0.9166666666666666,0.08969099754676829,5.9020502859468164e-05,0.5,0.5,0.75
digits,2,1,0.5803133608311171,0.9305555555555556,0.12276113755728969,3.640578704304624e-08,0.5,0.5,0.75
digits,2,2,0.576168458597499,0.9444444444444444,-0.17069698949265363,1.524022441724865e-14,0.5,0.5,0.75
digits,2,3,0.5730873173393966,0.9388888888888889,-0.07196250013643443,0.0012800083031940276,0.5,0.5,0.75
digits,2,4,0.5837726253738553,0.9388888888888889,0.13634034511837928,9.233772931371679e-10,0.5,0.5,0.75
digits,2,5,0.5861851567348741,0.9527777777777777,0.0016052354976294084,0.9428060536799637,0.5,0.5,0.75
digits,3,1,0.5704560819325353,0.9136490250696379,-0.38353969861195697,4.289140320336997e-71,0.5,0.5,0.75
digits,3,2,0.5795930336747441,0.9052924791086351,-0.13488722764412744,1.3931801291866762e-09,0.5,0.5,0.75
digits,3,3,0.5704231354047635,0.8969359331476323,0.06172368992785071,0.005757623903184922,0.5,0.5,0.75
digits,3,4,0.5696521299078773,0.883008356545961,0.19641310560669553,7.660510671784145e-19,0.5,0.5,0.75
digits,3,5,0.5670794067421698,0.8857938718662952,-0.16222738938050243,2.90146661410007e-13,0.5,0.5,0.75
digits,4,1,0.5607127469068827,0.9415041782729805,-0.052287889477569564,0.0193601167824892,0.5,0.5,0.75
digits,4,2,0.5679059816628601,0.9303621169916435,0.024645292821741122,0.27061418131887094,0.5,0.5,0.75
digits,4,3,0.5672900671755375,0.935933147632312,-0.34356606847058996,1.6541285390381036e-56,0.5,0.5,0.75
digits,4,4,0.5951125832384125,0.9387186629526463,-0.19653876909473622,7.272816351190711e-19,0.5,0.5,0.75
digits,4,5,0.5730710649167985,0.9220055710306406,-0.28805832183517804,1.6117803121184394e-39,0.5,0.5,0.75
digits,5,1,0.5482326781464895,0.9275766016713092,0.11673390573345285,1.648581272770819e-07,0.5,0.5,0.75
digits,5,2,0.5664539906155597,0.9192200557103064,-0.06288004343986628,0.004906532287628171,0.5,0.5,0.75
digits,5,3,0.5790112033925776,0.9331476323119777,0.023221660942492603,0.2992724024993585,0.5,0.5,0.75
digits,5,4,0.5780678117736331,0.924791086350975,0.08130241020846832,0.00027294762269595714,0.5,0.5,0.75
digits,5,5,0.5667942677129392,0.9331476323119777,-0.01294736613459552,0.5628010127193213,0.5,0.5,0.75
digits,1,1,0.5710014722991368,0.9555555555555556,-0.07245069481902543,0.0011855687515439476,0.5,0.5,1.0
digits,1,2,0.5613139683868703,0.9305555555555556,-0.2823345114285252,5.725607235620216e-38,0.5,0.5,1.0
digits,1,3,0.5855581125871836,0.9388888888888889,-0.14009208855453387,3.1290847915561306e-10,0.5,0.5,1.0
digits,1,4,0.559322134752724,0.9194444444444444,-0.04663232443236816,0.037042841099275,0.5,0.5,1.0
digits,1,5,0.5650247142977988,0.9361111111111111,-0.13764184897271076,6.364730713928361e-10,0.5,0.5,1.0
digits,2,1,0.58765151836077,0.9472222222222222,-0.09583029270665959,1.763827121332975e-05,0.5,0.5,1.0
digits,2,2,0.5777624437050481,0.9305555555555556,-0.04563286289233465,0.04129549635179448,0.5,0.5,1.0
digits,2,3,0.5813281583685234,0.9333333333333333,0.020433433004866493,0.3610664015910321,0.5,0.5,1.0
digits,2,4,0.5716088670644396,0.9444444444444444,-0.13218055045623403,2.9627225665650237e-09,0.5,0.5,1.0
digits,2,5,0.5751326296010956,0.925,-0.26556129005223517,1.2448291342748716e-33,0.5,0.5,1.0
digits,3,1,0.5693746262407293,0.9108635097493036,-0.26354527517867626,3.9445245899505074e-33,0.5,0.5,1.0
digits,3,2,0.5777163865070386,0.9025069637883009,-0.05212517675632008,0.019740905971970868,0.5,0.5,1.0
digits,3,3,0.5655309634656354,0.8857938718662952,-0.24343613853887436,2.2773537920956915e-28,0.5,0.5,1.0
digits,3,4,0.5543619724555364,0.9025069637883009,0.1010454567118043,5.964122319129121e-06,0.5,0.5,1.0
digits,3,5,0.5600048591566791,0.8997214484679665,-0.32960795158044437,6.827037270357774e-52,0.5,0.5,1.0
digits,4,1,0.564941126281401,0.9303621169916435,-0.06736173335866902,0.0025778637436029528,0.5,0.5,1.0
digits,4,2,0.5459960606928504,0.9052924791086351,-0.21414347828935457,3.5492498348235064e-22,0.5,0.5,1.0
digits,4,3,0.5589244423840709,0.9220055710306406,-0.14987307663559857,1.6233866301845118e-11,0.5,0.5,1.0
digits,4,4,0.5708057120866953,0.9275766016713092,-0.2303356299239103,1.7143218814793555e-25,0.5,0.5,1.0
digits,4,5,0.5687104707392892,0.9442896935933147,-0.20002878484656558,1.6950826896907443e-19,0.5,0.5,1.0
digits,5,1,0.5484930784242381,0.9331476323119777,-0.31363504664204844,6.729639404725039e-47,0.5,0.5,1.0
digits,5,2,0.5771583283711458,0.9275766016713092,-0.12233238530754723,4.063396934372933e-08,0.5,0.5,1.0
digits,5,3,0.5680323983902297,0.9164345403899722,-0.028250366727609548,0.20664057766726807,0.5,0.5,1.0
digits,5,4,0.5641271974392921,0.9610027855153204,-0.1038157591577521,3.2800604105161246e-06,0.5,0.5,1.0
digits,5,5,0.5698684362131797,0.9526462395543176,0.16909966492058406,2.6879894075120446e-14,0.5,0.5,1.0
digits,1,1,0.6782166222637244,0.95,0.6643575806624683,6.386596740044508e-255,0.5,0.75,0.25
digits,1,2,0.667786215110117,0.9361111111111111,0.11368489533741234,3.4417181938747435e-07,0.5,0.75,0.25
digits,1,3,0.6627388069646623,0.9555555555555556,0.41830863876047575,1.499588685159488e-85,0.5,0.75,0.25
digits,1,4,0.6772353979854124,0.9416666666666667,0.41710730798463425,5.0660793743990535e-85,0.5,0.75,0.25
digits,1,5,0.6717985233483758,0.9277777777777778,0.0857517366689458,0.0001232295425307942,0.5,0.75,0.25
digits,2,1,0.6734528836250554,0.9361111111111111,-0.28565028772752876,7.311970189314697e-39,0.5,0.75,0.25
digits,2,2,0.6617439282852637,0.9472222222222222,0.6214191444841644,5.293583344678606e-214,0.5,0.75,0.25
digits,2,3,0.7224871922183576,0.9472222222222222,0.27540131552065794,3.869658480466366e-36,0.5,0.75,0.25
digits,2,4,0.6623679247615478,0.9305555555555556,0.1306242781538167,4.540847125488456e-09,0.5,0.75,0.25
digits,2,5,0.6738398566090615,0.9638888888888889,0.18918580800358853,1.431932712417527e-17,0.5,0.75,0.25
digits,3,1,0.6893974940526812,0.8913649025069638,-0.24779342491577472,2.29920792748389e-29,0.5,0.75,0.25
digits,3,2,0.6871737825075037,0.9136490250696379,0.263593340378894,3.837984223569539e-33,0.5,0.75,0.25
digits,3,3,0.6874736273310713,0.9052924791086351,0.28008113016517633,2.2820288816929502e-37,0.5,0.75,0.25
digits,3,4,0.6738635243233646,0.9164345403899722,0.4613469077192492,5.66475016338355e-106,0.5,0.75,0.25
digits,3,5,0.6875124044200488,0.9331476323119777,-0.038447890607850435,0.08561390672790199,0.5,0.75,0.25
digits,4,1,0.6985795607587288,0.958217270194986,0.7543641331218213,0.0,0.5,0.75,0.25
digits,4,2,0.6777261291549036,0.9442896935933147,0.35746574773101747,2.4067039847531046e-61,0.5,0.75,0.25
digits,4,3,0.6795378839134891,0.9387186629526463,0.3752267260371209,6.896511210983787e-68,0.5,0.75,0.25
digits,4,4,0.6844475913039461,0.9442896935933147,0.41640222357007045,1.032699531214646e-84,0.5,0.75,0.25
digits,4,5,0.6694859497152008,0.9331476323119777,0.27109770556921525,4.979322951627175e-35,0.5,0.75,0.25
digits,5,1,0.683598896558665,0.9442896935933147,-0.004539670710098698,0.8392175969594555,0.5,0.75,0.25
digits,5,2,0.6803826025629364,0.9415041782729805,0.07183626048114393,0.001305533494718905,0.5,0.75,0.25
digits,5,3,0.6506887145517153,0.9275766016713092,0.29831204469254763,2.1792485304427472e-42,0.5,0.75,0.25
digits,5,4,0.6770431957814953,0.947075208913649,0.5197677777033466,7.952330795474269e-139,0.5,0.75,0.25
digits,5,5,0.6694209130860374,0.9387186629526463,0.22626080450709854,1.2396821628573954e-24,0.5,0.75,0.25
digits,1,1,0.653413691670633,0.9361111111111111,0.051899442607558015,0.020279996148800064,0.5,0.75,0.5
digits,1,2,0.6622859746757617,0.9472222222222222,0.186353046766725,4.3723471972732374e-17,0.5,0.75,0.5
digits,1,3,0.6581282308280818,0.9527777777777777,0.07730662508987622,0.000539623691168672,0.5,0.75,0.5
digits,1,4,0.6590287481340683,0.9583333333333334,-0.037865511380205524,0.09046582519324314,0.5,0.75,0.5
digits,1,5,0.6554933224141617,0.9444444444444444,0.12201599915201049,4.405527823821188e-08,0.5,0.75,0.5
digits,2,1,0.6484260557162729,0.9416666666666667,-0.1169962100139044,1.5460697698724636e-07,0.5,0.75,0.5
digits,2,2,0.6693797283942426,0.9305555555555556,0.0741294153439675,0.0009077459782254385,0.5,0.75,0.5
digits,2,3,0.6522400938977905,0.9583333333333334,0.024494075678187364,0.2735657963536521,0.5,0.75,0.5
digits,2,4,0.6710234370872923,0.9555555555555556,-0.25938925065306795,4.120211232130391e-32,0.5,0.75,0.5
digits,2,5,0.6727947423331722,0.9444444444444444,0.24193374913633584,4.968805690321756e-28,0.5,0.75,0.5
digits,3,1,0.6434385859336413,0.9052924791086351,0.287036150343324,3.068052416567937e-39,0.5,0.75,0.5
digits,3,2,0.6570305697662864,0.8969359331476323,0.03096269724356903,0.16630944235527617,0.5,0.75,0.5
digits,3,3,0.6687197863787405,0.8941504178272981,0.3150759621700447,2.454024478521801e-47,0.5,0.75,0.5
digits,3,4,0.6258838895702002,0.883008356545961,0.0680895004368971,0.0023137811722509817,0.5,0.75,0.5
digits,3,5,0.6586001332849658,0.9275766016713092,0.3715858405035204,1.6355727013942376e-66,0.5,0.75,0.5
digits,4,1,0.649748798636135,0.9303621169916435,-0.052367237082223454,0.01917676081596933,0.5,0.75,0.5
digits,4,2,0.6580144938495662,0.9303621169916435,-0.02948878844871784,0.18742301677594492,0.5,0.75,0.5
digits,4,3,0.6579428407141459,0.9498607242339833,0.3263295913496277,7.655254291732252e-51,0.5,0.75,0.5
digits,4,4,0.6496287469386651,0.9164345403899722,0.04987141990855609,0.02572679007649745,0.5,0.75,0.5
digits,4,5,0.6641774667673472,0.9526462395543176,0.2117886901619171,1.0248624309917124e-21,0.5,0.75,0.5
digits,5,1,0.6681084554396778,0.9331476323119777,0.04989653546305534,0.025652275659728854,0.5,0.75,0.5
digits,5,2,0.649444897543918,0.9554317548746518,0.23218807668578434,6.885564872825659e-26,0.5,0.75,0.5
digits,5,3,0.6550649158881816,0.9526462395543176,0.08950794772972652,6.111537467362765e-05,0.5,0.75,0.5
digits,5,4,0.6723134098338257,0.9498607242339833,0.058036431294472814,0.009430680758105115,0.5,0.75,0.5
digits,5,5,0.6531586679796065,0.9415041782729805,0.3425526491290025,3.645487648137167e-56,0.5,0.75,0.5
digits,1,1,0.6432229383890682,0.9472222222222222,-0.04483154374571947,0.04499704694735397,0.5,0.75,0.75
digits,1,2,0.6911055646098927,0.9638888888888889,0.5784242555646449,5.823350980894836e-179,0.5,0.75,0.75
digits,1,3,0.6589302997289918,0.95,0.1460162995155581,5.339127379171162e-11,0.5,0.75,0.75
digits,1,4,0.6466089495876632,0.9416666666666667,0.03634050757589161,0.10422276503885188,0.5,0.75,0.75
digits,1,5,0.6377727896725847,0.9305555555555556,-0.04419806269018163,0.048117698230798596,0.5,0.75,0.75
digits,2,1,0.6486712975042541,0.9388888888888889,-0.011904919783416814,0.5946635216344374,0.5,0.75,0.75
digits,2,2,0.6399804880588165,0.9472222222222222,-0.19405222413335635,2.019201110378036e-18,0.5,0.75,0.75
digits,2,3,0.6530688214768302,0.9222222222222223,-0.23381787027745152,3.0656655559244027e-26,0.5,0.75,0.75
digits,2,4,0.6480369950903216,0.9444444444444444,-0.009036251821694851,0.6863090034395122,0.5,0.75,0.75
digits,2,5,0.6642905174050913,0.9333333333333333,-0.06288648361317242,0.004902128916130291,0.5,0.75,0.75
digits,3,1,0.6350983686747633,0.8941504178272981,0.03161843101639751,0.1575121114086521,0.5,0.75,0.75
digits,3,2,0.627777615167197,0.9164345403899722,-0.036613775325743864,0.10164238501039616,0.5,0.75,0.75
digits,3,3,0.6419296041854803,0.9164345403899722,0.28750423452701523,2.2855412583981254e-39,0.5,0.75,0.75
digits,3,4,0.6438340364494288,0.8913649025069638,0.005672049695266504,0.7998778212230784,0.5,0.75,0.75
digits,3,5,0.6262947106079637,0.9164345403899722,0.018692158480319323,0.40344237144318407,0.5,0.75,0.75
digits,4,1,0.6676147798176935,0.9610027855153204,0.41421386262947874,9.316372917619978e-84,0.5,0.75,0.75
digits,4,2,0.6543148731737932,0.9387186629526463,0.2783254237560734,6.6425662359989414e-37,0.5,0.75,0.75
digits,4,3,0.6704084307581223,0.9387186629526463,-0.04396328986164553,0.04931947909671479,0.5,0.75,0.75
digits,4,4,0.6392645621313975,0.9387186629526463,0.005546320912392472,0.8042227289977804,0.5,0.75,0.75
digits,4,5,0.6314602688604529,0.9025069637883009,-0.18550747747962076,6.08053074772342e-17,0.5,0.75,0.75
digits,5,1,0.638474268010366,0.935933147632312,0.22485970530741553,2.425967854724898e-24,0.5,0.75,0.75
digits,5,2,0.6317230157764684,0.9136490250696379,0.01994256628937322,0.37272011624210766,0.5,0.75,0.75
digits,5,3,0.64139512438134,0.924791086350975,0.05930913893657682,0.007976505462898483,0.5,0.75,0.75
digits,5,4,0.6555385243553298,0.9275766016713092,-0.07466144247621924,0.0008331553277772962,0.5,0.75,0.75
digits,5,5,0.6319318814459727,0.9275766016713092,-0.12224789703522586,4.152153343894895e-08,0.5,0.75,0.75
digits,1,1,0.637367244740203,0.9277777777777778,-0.2990156193789549,1.3712021336893433e-42,0.5,0.75,1.0
digits,1,2,0.6324479348477355,0.9277777777777778,0.018331363536784856,0.41258115267032125,0.5,0.75,1.0
digits,1,3,0.6390766239484486,0.9333333333333333,-0.05082662206582372,0.02302113087726408,0.5,0.75,1.0
digits,1,4,0.6396411948188373,0.9361111111111111,-0.38299574840289197,6.998943807446829e-71,0.5,0.75,1.0
digits,1,5,0.6347990259959779,0.9277777777777778,-0.05845160143986495,0.008932247410801826,0.5,0.75,1.0
digits,2,1,0.6414668801908459,0.9388888888888889,-0.2694063411530909,1.3419419810867329e-34,0.5,0.75,1.0
digits,2,2,0.6519144676732146,0.9444444444444444,-0.01411990096112694,0.5279765469527201,0.5,0.75,1.0
digits,2,3,0.623575923283501,0.9527777777777777,0.20250840929002908,5.924170580444677e-20,0.5,0.75,1.0
digits,2,4,0.6407486039023036,0.9472222222222222,0.19214812716151178,4.372765577528022e-18,0.5,0.75,1.0
digits,2,5,0.6506736852832916,0.95,0.030662697196957436,0.17045523917966937,0.5,0.75,1.0
digits,3,1,0.6181032705686631,0.8857938718662952,-0.023180652998031338,0.30012683592386497,0.5,0.75,1.0
