Dataset,nTrees,Rep,K,BaggingAccuracy,BaggingPrecision,BaggingRecall,BaggingF1,SAAccuracy,SAPrecision,SARecall,SAF1
obesity,10,0,1,0.9574468085106383,0.959281844786538,0.958512912886313,0.958822019306872,0.9479905437352246,0.9500766331271052,0.9506407009157405,0.9491159823030131
obesity,10,0,2,0.9597156398104265,0.9598938923395446,0.9563533105549913,0.9572721675498406,0.9502369668246445,0.9529235923229467,0.9468025903274986,0.9480284678527762
obesity,10,0,3,0.9549763033175356,0.9544605640664754,0.9556317035690659,0.9545750843787408,0.9289099526066351,0.9299343632568756,0.9313837821782874,0.9290297647688638
obesity,10,0,4,0.9454976303317536,0.9432479035788968,0.9414371364658296,0.9419345793086652,0.95260663507109,0.9537020523630887,0.9503776916067153,0.9507322965470026
obesity,10,0,5,0.9502369668246445,0.9474306705331024,0.9490666734119809,0.9472560103379252,0.9644549763033176,0.9655421901201954,0.9621623474484321,0.9631709370497499
obesity,10,1,1,0.9456264775413712,0.9466453387674351,0.9458757647105233,0.9454367452722716,0.9787234042553191,0.9799472007204523,0.978131312580689,0.978759835944931
obesity,10,1,2,0.933649289099526,0.9307814110673629,0.9285829034957905,0.9292621156623743,0.95260663507109,0.9493808537907916,0.9495524908092037,0.949348855546725
obesity,10,1,3,0.9360189573459715,0.9355026428328309,0.9370066880570569,0.9355673674123717,0.9502369668246445,0.9523025916087945,0.9526831808764067,0.9503323887473971
obesity,10,1,4,0.957345971563981,0.9578618816132243,0.9551397063939452,0.9560267499210794,0.95260663507109,0.9562757854405207,0.949352738384127,0.9498352381593081
obesity,10,1,5,0.9502369668246445,0.9482528403013578,0.9485548359251676,0.948055913361035,0.9549763033175356,0.9575291113195006,0.9512837015583445,0.9530653207685779
obesity,10,2,1,0.9598108747044918,0.959551423023963,0.9609665215051633,0.9597600924085675,0.950354609929078,0.9521220686605024,0.947898594841844,0.9490152907011563
obesity,10,2,2,0.9549763033175356,0.955733981508044,0.9516044879490259,0.9524894852689567,0.95260663507109,0.952491553679092,0.9489910667610967,0.9502380351285235
obesity,10,2,3,0.933649289099526,0.9365057027595727,0.9332727500374046,0.9339452518494328,0.933649289099526,0.9376916890287755,0.935841990005365,0.9345956331215193
obesity,10,2,4,0.957345971563981,0.9555647188717699,0.9543449659635209,0.954669926687482,0.943127962085308,0.9460822675925652,0.9405438770428771,0.9406055220557029
obesity,10,2,5,0.9502369668246445,0.947587168664452,0.9490201730159351,0.9473801434300325,0.9478672985781991,0.9464846884042947,0.9453822407222118,0.9455793693972913
obesity,10,3,1,0.950354609929078,0.9526722032560988,0.9526957587847519,0.9521693234144283,0.9621749408983451,0.9630997640991881,0.9617129924152962,0.9621535854922518
obesity,10,3,2,0.9620853080568721,0.9616663969388686,0.9591151845353527,0.9601341845948367,0.95260663507109,0.9545661859577333,0.9498559599758519,0.951136478493548
obesity,10,3,3,0.9312796208530806,0.9334853072825199,0.9310945255137641,0.9313109991993246,0.9407582938388626,0.9418759844687586,0.943295425774366,0.941440667930041
obesity,10,3,4,0.95260663507109,0.9518783661280862,0.9489032878259902,0.9497486216042097,0.909952606635071,0.9233722971255072,0.9088112087894716,0.9098341511541197
obesity,10,3,5,0.9549763033175356,0.9533009639195457,0.9545464487148994,0.9532117942520218,0.95260663507109,0.9502368146320704,0.9499588997611134,0.9499505344157669
obesity,10,4,1,0.9621749408983451,0.9637760865909362,0.9638238741868719,0.9634890573267316,0.966903073286052,0.969493998517306,0.9655271103394844,0.9667593785515715
obesity,10,4,2,0.9549763033175356,0.9553298576452736,0.9510550373995753,0.9521169476269117,0.9478672985781991,0.9482169526697903,0.9445415946645659,0.9455903839250388
obesity,10,4,3,0.9383886255924171,0.9381002887873512,0.9399538569743751,0.9383117639832051,0.933649289099526,0.9370710011932019,0.9345123569912971,0.9337692444994979
obesity,10,4,4,0.957345971563981,0.9577921349215256,0.9534434915575686,0.9544793281123221,0.9691943127962085,0.9697598072101308,0.9673027303102948,0.9677435579058298
obesity,10,4,5,0.9549763033175356,0.9529571764374738,0.9532260120734234,0.9529077467983865,0.966824644549763,0.9683273309323729,0.964605731895212,0.9657692191989786
obesity,10,5,1,0.9598108747044918,0.9617675812347943,0.9611496716883134,0.9609026263265309,0.950354609929078,0.9535619122191187,0.9528841371932708,0.951986434758406
obesity,10,5,2,0.957345971563981,0.956198693019345,0.9542093760581157,0.9548419162522803,0.95260663507109,0.9543487391389786,0.9492904172705313,0.9505544089893317
obesity,10,5,3,0.933649289099526,0.9339061395883217,0.9333641298729207,0.933090477012547,0.9265402843601895,0.9299576687154926,0.929828543691167,0.9271190177372588
obesity,10,5,4,0.9620853080568721,0.9611948964748415,0.9595353107895496,0.9599835726449851,0.9478672985781991,0.949832494645989,0.9447399830844747,0.9456943483689803
obesity,10,5,5,0.9454976303317536,0.9425862499915557,0.943821904310226,0.9423006980648356,0.943127962085308,0.9424762429319135,0.9408372175752842,0.9408713772149587
obesity,10,6,1,0.9479905437352246,0.9467821444667596,0.9492304537794978,0.9475326827435407,0.9763593380614657,0.9773717595146166,0.9774759878389856,0.9772970569365486
obesity,10,6,2,0.9691943127962085,0.9689066567886296,0.9662041739772833,0.9671938553648701,0.9549763033175356,0.95618281343904,0.952298272633695,0.9536452152000482
obesity,10,6,3,0.9478672985781991,0.9474786252273957,0.9499160640794393,0.9477104791274767,0.943127962085308,0.9452322613841895,0.9444147723521347,0.9428953225768664
obesity,10,6,4,0.943127962085308,0.942470370037425,0.9404250583778452,0.9405733042792569,0.9218009478672986,0.9285495583993707,0.918977036353786,0.9199359357908505
obesity,10,6,5,0.9478672985781991,0.9456369298251747,0.9468738144437995,0.9458402571229666,0.9715639810426541,0.9714930607150288,0.969276908043468,0.9700288611565098
obesity,10,7,1,0.966903073286052,0.9668667851216439,0.968410482696197,0.9670005159985156,0.9527186761229315,0.9523655358423408,0.9528084495120605,0.9524983266391928
obesity,10,7,2,0.9644549763033176,0.9640056276165341,0.96292356283645,0.9630959976065638,0.9478672985781991,0.9500062600512545,0.9452081063800735,0.9457316246384248
obesity,10,7,3,0.943127962085308,0.9430770450916908,0.9427512080872911,0.9422636923885447,0.9407582938388626,0.9432072953637546,0.9416785667587863,0.9405452411203196
obesity,10,7,4,0.9502369668246445,0.9519850286562821,0.9476017092202641,0.9488141139136715,0.9407582938388626,0.9476162706021843,0.939706795682363,0.9395108810526265
obesity,10,7,5,0.9549763033175356,0.9525064914137623,0.9539567391468616,0.9529172666311793,0.9597156398104265,0.9585726707738859,0.9574776967535945,0.9576254236861477
obesity,20,0,1,0.9527186761229315,0.9539204915129604,0.9545222468524576,0.953814148007585,0.950354609929078,0.9496790640212959,0.951226453568374,0.9501942601250274
obesity,20,0,2,0.9597156398104265,0.9589849515077215,0.9570758391315835,0.9578852252613764,0.9597156398104265,0.9603424667664404,0.9569932275387341,0.9581132237815337
obesity,20,0,3,0.9502369668246445,0.9494389709906951,0.950552338489701,0.9495075884987229,0.933649289099526,0.9331537880079585,0.9332129582931776,0.932783130104219
obesity,20,0,4,0.966824644549763,0.9654482827083904,0.9640807653350041,0.9644721882183964,0.9620853080568721,0.9632675931504272,0.9595861533475654,0.9599925667201034
obesity,20,0,5,0.9597156398104265,0.9573758207884541,0.958097525896344,0.9574480978170588,0.957345971563981,0.95861505756336,0.9542258395119242,0.955272327604607
obesity,20,1,1,0.950354609929078,0.9509516152832331,0.9523436128822546,0.9507500683569533,0.950354609929078,0.952364871968123,0.9533081217915921,0.9520871311682301
obesity,20,1,2,0.9620853080568721,0.9621111991890867,0.9590340438652645,0.9601787273474992,0.9502369668246445,0.9545846540731452,0.9472761956757656,0.9487880601186761
obesity,20,1,3,0.9360189573459715,0.9371883579252497,0.9374444087506412,0.9362093267167791,0.933649289099526,0.9369064436119275,0.9362961816322647,0.9342305393952299
obesity,20,1,4,0.9620853080568721,0.9620669645244829,0.9593909134079555,0.9600704360887431,0.9360189573459715,0.9398366147075635,0.9318719907168738,0.9325526181055979
obesity,20,1,5,0.943127962085308,0.941084415955749,0.9428089928917114,0.9409115997991048,0.9454976303317536,0.9460037848417832,0.9420060110032712,0.943104931027542
obesity,20,2,1,0.9645390070921985,0.9664794346089745,0.9659115764502183,0.965804278717591,0.9550827423167849,0.9576345096926211,0.9582010625744627,0.9573520316172447
obesity,20,2,2,0.9597156398104265,0.9589920034117334,0.9567331234971173,0.9572722716256272,0.9502369668246445,0.9492555102586016,0.9472783448359235,0.9477085456200497
obesity,20,2,3,0.9478672985781991,0.9471844170329159,0.9486015482233456,0.9473373827760577,0.9383886255924171,0.94107740072367,0.9415122780210688,0.9384666460552376
obesity,20,2,4,0.957345971563981,0.9551700646459688,0.9544294002667187,0.9545196709837879,0.943127962085308,0.9466745335506372,0.9404332733608448,0.94062715478368
obesity,20,2,5,0.95260663507109,0.9506144488287748,0.9507808471025854,0.9502137095460531,0.9478672985781991,0.9493371348048851,0.9438913217739874,0.9456431296518389
obesity,20,3,1,0.9598108747044918,0.959486115824932,0.9601292286126989,0.9596109944697304,0.9716312056737588,0.9724331263513157,0.9717145760879762,0.9718036675063647
obesity,20,3,2,0.9597156398104265,0.9589957329737336,0.9567331234971173,0.9571558218145434,0.9549763033175356,0.9540228737802388,0.952066413909707,0.9529552961219098
obesity,20,3,3,0.9454976303317536,0.9458365409545083,0.9448229356174408,0.9447595565717217,0.9502369668246445,0.9503125976347004,0.9521396400770026,0.9502300214293352
obesity,20,3,4,0.9597156398104265,0.9592238990090125,0.956695495618198,0.9572819165684309,0.9360189573459715,0.9457801829768651,0.9330913065718734,0.9348462724355183
obesity,20,3,5,0.95260663507109,0.9510097164510499,0.9504394919225206,0.9502636146287992,0.9597156398104265,0.9586830844401798,0.9577561707162792,0.9579915206813219
obesity,20,4,1,0.9527186761229315,0.9531051710889894,0.9551750157136575,0.953601682168814,0.966903073286052,0.9679733306335022,0.9655396764936006,0.9662203851278658
obesity,20,4,2,0.9644549763033176,0.964214431365966,0.9617054514113338,0.9623638061009728,0.943127962085308,0.9447377945375443,0.9393974799828667,0.9404361517672626
obesity,20,4,3,0.943127962085308,0.9420531178501249,0.9430088766605247,0.9419333039598469,0.9502369668246445,0.9532722179781004,0.9525326861843342,0.9510649923387372
obesity,20,4,4,0.9620853080568721,0.9608622288321538,0.9602923878139078,0.9604362256625462,0.9549763033175356,0.9546612502319661,0.9522950291166097,0.9522223355572842
obesity,20,4,5,0.9597156398104265,0.9577214838670364,0.958097525896344,0.957693105139456,0.9549763033175356,0.9558971079834871,0.9522001660091707,0.9531541537306635
obesity,20,5,1,0.9621749408983451,0.9626947196496068,0.9629229732859709,0.9622453746782499,0.9716312056737588,0.973437538184573,0.9733670314875044,0.9730795423106179
obesity,20,5,2,0.9597156398104265,0.9599539818182444,0.9561570782159018,0.9574790701832138,0.9454976303317536,0.9473044889285225,0.9410213860596114,0.9426450896748102
obesity,20,5,3,0.9383886255924171,0.9374513964415442,0.9384586121102602,0.9369498907770365,0.9407582938388626,0.9431638523964121,0.9409838543796389,0.9398125074058622
obesity,20,5,4,0.957345971563981,0.9575773491086351,0.9549479344236322,0.9555635751945804,0.9454976303317536,0.9473996951384551,0.9428055120255798,0.9433112028098064
obesity,20,5,5,0.9502369668246445,0.9478437826654875,0.9478404896730638,0.9475987435768968,0.957345971563981,0.9593302947340215,0.954598830583963,0.955820323844072
obesity,20,6,1,0.9598108747044918,0.9624753079285894,0.9616001221387639,0.9617280278772586,0.9598108747044918,0.9616635046417129,0.95886713357984,0.9595925575094763
obesity,20,6,2,0.9597156398104265,0.9594030915657249,0.9566960261894575,0.9576919228221871,0.9549763033175356,0.9561956698998838,0.9526948559690877,0.9534011838337921
obesity,20,6,3,0.943127962085308,0.9433469837281089,0.9433868056098823,0.9428394306593665,0.9218009478672986,0.9290888398370101,0.9247913475261511,0.9236159617787908
obesity,20,6,4,0.957345971563981,0.9577562354659902,0.9547010614809067,0.9551805537027213,0.9218009478672986,0.9317290583118719,0.9197969537635654,0.9215650999086838
obesity,20,6,5,0.9549763033175356,0.9530142162460665,0.952945757586681,0.9526192009514977,0.966824644549763,0.965200719855419,0.9652120864913798,0.9650877099854809
obesity,20,7,1,0.9621749408983451,0.9629351336494193,0.9631643237029655,0.9625221655411723,0.9645390070921985,0.9669348743081462,0.9652375699622582,0.9659096007494863
obesity,20,7,2,0.9597156398104265,0.9585978205813684,0.9565368911580279,0.9572921683507957,0.9360189573459715,0.9361452412811745,0.9319267081017545,0.9335161997060881
obesity,20,7,3,0.9478672985781991,0.9477999327078213,0.947695195632558,0.9473688240597676,0.9478672985781991,0.9511365094711521,0.9488611327955592,0.9480637544273909
obesity,20,7,4,0.966824644549763,0.9663494668651468,0.9634851345506942,0.9641290508968836,0.957345971563981,0.9587542127298914,0.9540719236419611,0.9550902104932136
obesity,20,7,5,0.9597156398104265,0.9579397103735029,0.9577561707162792,0.9574967201413896,0.95260663507109,0.952123683449414,0.9504711278144945,0.9507562548420015
obesity,30,0,1,0.9692671394799054,0.971088366206298,0.9713391177676892,0.9709833461801158,0.9432624113475178,0.9450142513219442,0.943582996340199,0.9428658083140553
obesity,30,0,2,0.966824644549763,0.9667953233511122,0.9651213650342522,0.9656533379214963,0.9478672985781991,0.9472001233425841,0.9440460118160418,0.9448011683746785
obesity,30,0,3,0.9502369668246445,0.9497221259908314,0.950552338489701,0.9497247556794599,0.9265402843601895,0.9297787384184443,0.9283616171440209,0.9265826027393154
obesity,30,0,4,0.9644549763033176,0.9625065377721472,0.9613253844668505,0.9615406564668858,0.9549763033175356,0.9570470238074468,0.9537486294246575,0.9539031187790312
obesity,30,0,5,0.95260663507109,0.9508221038366518,0.9506416101212432,0.9501767069691861,0.9620853080568721,0.9643857543017207,0.9598820574477792,0.9612570094233633
obesity,30,1,1,0.9621749408983451,0.9635745207173779,0.9639289603575317,0.9631573797220288,0.9621749408983451,0.9647128751166019,0.9615803680846434,0.9617407331023624
obesity,30,1,2,0.957345971563981,0.9567835468368385,0.9547210510625097,0.9552033746489517,0.9502369668246445,0.9479191716297173,0.9464400463529333,0.9469469069061427
obesity,30,1,3,0.9478672985781991,0.9477748406420529,0.9480882417398898,0.9475430968970213,0.9383886255924171,0.943675753883643,0.9393498475430734,0.938710560754043
obesity,30,1,4,0.9597156398104265,0.9583307256299867,0.9565301796716457,0.9571203897965737,0.9502369668246445,0.9519793955290543,0.9477286560061972,0.9480429733497768
obesity,30,1,5,0.95260663507109,0.9500460805888189,0.9508437283199658,0.9501069756190785,0.9454976303317536,0.9458356503248451,0.9433434832394445,0.9439405305519946
obesity,30,2,1,0.966903073286052,0.9690332870298913,0.968240414668986,0.9681292075210077,0.966903073286052,0.9687591563508589,0.9679767543173676,0.9678005120885425
obesity,30,2,2,0.9597156398104265,0.9595987919596983,0.9564830234571013,0.9575124078228354,0.9454976303317536,0.9466704196793388,0.9429303403238739,0.9439586381390319
obesity,30,2,3,0.95260663507109,0.9516082377826035,0.9523815146045914,0.9515841349890753,0.9360189573459715,0.9406287344150412,0.9392131162336341,0.936446928381501
obesity,30,2,4,0.9597156398104265,0.9592640177571589,0.9569423685609235,0.9575156772062845,0.9265402843601895,0.9316128101973529,0.9225994225755115,0.9240245386772595
obesity,30,2,5,0.9549763033175356,0.9523708877009225,0.9533499939841261,0.9524292032387464,0.9644549763033176,0.9645382346992005,0.9628614386298961,0.963240975392236
obesity,30,3,1,0.9550827423167849,0.9549757050175817,0.9563476626122995,0.9552986629842728,0.9692671394799054,0.9701287297177709,0.9711826129858918,0.9698090282697773
obesity,30,3,2,0.957345971563981,0.9576618113574636,0.9543412381203836,0.9552036454672573,0.957345971563981,0.9566395291615105,0.9547947471035352,0.9552045600898488
obesity,30,3,3,0.943127962085308,0.9432258117212671,0.9444896812543357,0.9429833874325294,0.9265402843601895,0.9337124256817353,0.9280070864707647,0.9280561833423133
obesity,30,3,4,0.9549763033175356,0.9547582507011008,0.9518867099338362,0.9523413062191375,0.9620853080568721,0.9627307993788978,0.9593773325187984,0.9599868690198231
obesity,30,3,5,0.957345971563981,0.9559536446860392,0.9555912602321835,0.9553634339433101,0.957345971563981,0.9568808602739157,0.9547064316733312,0.9553514964660549
obesity,30,4,1,0.966903073286052,0.9690332870298913,0.968240414668986,0.9681292075210077,0.9645390070921985,0.9661728712294401,0.9655698520861093,0.9655664040522219
obesity,30,4,2,0.957345971563981,0.9567835468368385,0.9547210510625097,0.9552033746489517,0.9549763033175356,0.953290311227101,0.9527446050128006,0.9526969589890525
obesity,30,4,3,0.9454976303317536,0.9441928477868254,0.9458660195176677,0.9444550789297528,0.9289099526066351,0.939047619047619,0.9331662530439139,0.9317496257680865
obesity,30,4,4,0.966824644549763,0.9659529836587948,0.9641861182031602,0.9645405516543759,0.9407582938388626,0.9442236396883062,0.9375426156314773,0.9383182272545538
obesity,30,4,5,0.9478672985781991,0.9457918606034527,0.9465473237678067,0.9458446109108125,0.95260663507109,0.9521815563832371,0.9506267456171712,0.9508156705842712
obesity,30,5,1,0.9621749408983451,0.9639490161561469,0.9643794108079823,0.9636811944004283,0.9716312056737588,0.9721799427136844,0.9726089969064208,0.9723417465266365
obesity,30,5,2,0.9502369668246445,0.9499620104282905,0.9464359276957198,0.9474219290607875,0.9644549763033176,0.9637350733990769,0.962894818944527,0.9628538920517012
obesity,30,5,3,0.9360189573459715,0.9358218803188099,0.9361903615264447,0.9354683597766602,0.9265402843601895,0.930403721272009,0.9281631506420908,0.9272387742975978
obesity,30,5,4,0.9644549763033176,0.96341987678979,0.9614317297344861,0.9619089993723046,0.9620853080568721,0.9641416138462325,0.960700001242128,0.9609315621842484
obesity,30,5,5,0.95260663507109,0.9511922296305064,0.9506416101212432,0.9503496072112795,0.9478672985781991,0.9467268283400242,0.9457235959022767,0.9457765290550492
obesity,30,6,1,0.950354609929078,0.952280064672593,0.9519376022126418,0.9515936832021794,0.950354609929078,0.9533096511887865,0.9502316588028149,0.9503139530141931
obesity,30,6,2,0.957345971563981,0.9567755239578589,0.953932003048938,0.954728226157704,0.9502369668246445,0.9522083088552307,0.9482348812966619,0.9487069665074176
obesity,30,6,3,0.943127962085308,0.9426205964739489,0.943220516872165,0.9423918730770972,0.933649289099526,0.9382851918338423,0.9369008679512366,0.9339832602098171
obesity,30,6,4,0.9620853080568721,0.9623006693283921,0.9583830937343675,0.9593451108428713,0.9218009478672986,0.9299118500446772,0.9201463022674223,0.9206839901669029
obesity,30,6,5,0.957345971563981,0.9553164814620342,0.9555912602321835,0.9551022778855558,0.95260663507109,0.9508359482917644,0.9504729083385526,0.9504494017089108
obesity,30,7,1,0.9574468085106383,0.9598866256497053,0.9594474380188666,0.9589139575184432,0.950354609929078,0.9560657596371883,0.9501590025649173,0.9507902363713658
obesity,30,7,2,0.9620853080568721,0.9613503185326536,0.9592841439052806,0.9598038195752908,0.9620853080568721,0.963820927468344,0.9597733428351233,0.9605374651919363
obesity,30,7,3,0.95260663507109,0.9523612752693726,0.9533332186693018,0.9524943010358522,0.9502369668246445,0.9512719002695418,0.9531215784576614,0.9507403735989993
obesity,30,7,4,0.966824644549763,0.9664936149898555,0.9641271475242433,0.9648706742168967,0.9312796208530806,0.9354452348992182,0.9303797172308607,0.9305694041169529
obesity,30,7,5,0.9549763033175356,0.9528694528658922,0.9531478757854036,0.9525070406433701,0.9644549763033176,0.9641664130145517,0.9627985574125157,0.9630345229000692
obesity,40,0,1,0.9692671394799054,0.9710645890611935,0.9706213670499384,0.9704814618029777,0.9527186761229315,0.9544725691186641,0.9526852674216651,0.9533324094198046
obesity,40,0,2,0.9620853080568721,0.9614263337872402,0.9592841439052806,0.9599424985949196,0.95260663507109,0.9517658505330385,0.9487780640287407,0.9499009576062996
obesity,40,0,3,0.933649289099526,0.9344731048918241,0.9329710837655891,0.9330236252488604,0.9383886255924171,0.9390190366667248,0.9399728335795932,0.9384441769168065
obesity,40,0,4,0.966824644549763,0.9665596254128531,0.9640291323318887,0.9646105472374963,0.9312796208530806,0.9412723968790505,0.9279685491449685,0.9297826350156261
obesity,40,0,5,0.957345971563981,0.9553164814620342,0.9555912602321835,0.9551022778855558,0.9691943127962085,0.9689717917649071,0.9677947079195022,0.9681511712543717
obesity,40,1,1,0.9645390070921985,0.9664497177169987,0.9663099127384841,0.9659012454128921,0.9763593380614657,0.977720920618073,0.9778551558996523,0.9775932868056664
obesity,40,1,2,0.9597156398104265,0.9595227767051117,0.9564830234571013,0.9573737288032066,0.9597156398104265,0.9595117878848595,0.9570597469757134,0.957871168392421
obesity,40,1,3,0.9289099526066351,0.9290136172894794,0.9282696476355815,0.9276599165838499,0.9289099526066351,0.9344425413843699,0.9289322096998004,0.9286046369383865
obesity,40,1,4,0.9620853080568721,0.9611695597312689,0.9593909134079555,0.9597755673456906,0.9549763033175356,0.9561655336836378,0.9530769791029768,0.9536362609700202
obesity,40,1,5,0.9549763033175356,0.952506415314297,0.9533336131627917,0.9525339677520709,0.9644549763033176,0.9634640721597244,0.9623644656471547,0.9627376285715119
obesity,40,2,1,0.9692671394799054,0.9721253965177208,0.9704382168667883,0.9707667615089219,0.9456264775413712,0.9493067414773854,0.9446387616816787,0.9458574575131822
obesity,40,2,2,0.9644549763033176,0.9639013389408169,0.9620313966525333,0.9624493222207934,0.9478672985781991,0.948054431277489,0.9445121725352461,0.945409242224016
obesity,40,2,3,0.9312796208530806,0.9328690948667615,0.9308388876035422,0.9310694809514939,0.933649289099526,0.9378442940485449,0.9354496207857038,0.9344185029171141
obesity,40,2,4,0.9597156398104265,0.9582709106162185,0.9575969700241505,0.9576318504740003,0.9502369668246445,0.9517797017797018,0.946096273954721,0.9469190622828326
obesity,40,2,5,0.957345971563981,0.9559536446860392,0.9555912602321835,0.9553634339433101,0.9597156398104265,0.9579280617332552,0.957616933734937,0.9574182814293775
obesity,40,3,1,0.9598108747044918,0.9612873207750915,0.9602925150172033,0.9604884885230263,0.9645390070921985,0.9659057196483122,0.9643757010676024,0.9649291176788724
obesity,40,3,2,0.95260663507109,0.9524113268370709,0.9501397169037107,0.9504114503738487,0.957345971563981,0.9574128766525666,0.9550622957742144,0.955574636852294
obesity,40,3,3,0.943127962085308,0.9431329843481209,0.9441268694629527,0.9431367584283267,0.943127962085308,0.948642936596218,0.9462735058953032,0.9437607894184185
obesity,40,3,4,0.9620853080568721,0.9627733957950965,0.9594498840868723,0.9600768953991394,0.9620853080568721,0.964123664354079,0.9595217299003925,0.9602530904835052
obesity,40,3,5,0.9549763033175356,0.9526189486237913,0.9532871127667457,0.9525692958687514,0.95260663507109,0.9524538111862056,0.9498032819584369,0.950712240978128
obesity,40,4,1,0.9598108747044918,0.9615857900696708,0.9624489088774802,0.961571582162562,0.9550827423167849,0.9581937699355537,0.9573656595319359,0.956804002004929
obesity,40,4,2,0.9620853080568721,0.9614263337872402,0.9592841439052806,0.9599424985949196,0.95260663507109,0.9511129786911202,0.950108209176026,0.9503026268398683
obesity,40,4,3,0.95260663507109,0.9515835231924555,0.9538025274541756,0.9521337834443016,0.9454976303317536,0.9473283824463499,0.9476636075412684,0.9458662130578986
obesity,40,4,4,0.9597156398104265,0.9590274508466713,0.956695495618198,0.9572132932316003,0.957345971563981,0.9603433259499795,0.9552627834733738,0.9558309997777309
obesity,40,4,5,0.9597156398104265,0.9584786795640151,0.9578954076976213,0.9577708318093708,0.9620853080568721,0.9610864730507588,0.9595633451989753,0.9602034841797938
obesity,40,5,1,0.966903073286052,0.9692351597881552,0.9680703466417752,0.9682286439210207,0.9598108747044918,0.9626753149135762,0.9580375150687226,0.9596752263355679
obesity,40,5,2,0.957345971563981,0.9571644615841916,0.953932003048938,0.954842180853543,0.9407582938388626,0.9425606460838845,0.9378163260088911,0.9388388148229746
obesity,40,5,3,0.9407582938388626,0.9403811186497709,0.94095294317602,0.940044656116456,0.943127962085308,0.9480082417582417,0.9465140266475512,0.9443147399704593
obesity,40,5,4,0.9644549763033176,0.9635830107749973,0.9620863311977128,0.9625397412799855,0.943127962085308,0.9467554756456357,0.9414244328838712,0.9418559917865628
obesity,40,5,5,0.95260663507109,0.9506481059476453,0.9501446371385016,0.9501256643090746,0.9620853080568721,0.9623482304923897,0.9598581999829943,0.9607833769813523
obesity,40,6,1,0.966903073286052,0.9689052921811543,0.9685467469425315,0.9685153092386748,0.9692671394799054,0.9682974786296442,0.9686855670693697,0.9681212317495619
obesity,40,6,2,0.9597156398104265,0.9594118336351443,0.9566034105950073,0.9570240982190015,0.9502369668246445,0.9488079882115168,0.9475389474518346,0.9476894915642168
obesity,40,6,3,0.9383886255924171,0.9387607230833451,0.9376264915340032,0.9374004857792364,0.9383886255924171,0.9396230436772076,0.941042969236195,0.9387798437155469
obesity,40,6,4,0.9597156398104265,0.9598513463140285,0.9561852915365653,0.9569658775938636,0.95260663507109,0.9549820723122832,0.9499483691684371,0.9505330398337238
obesity,40,6,5,0.957345971563981,0.955880371047083,0.9552499050521187,0.9551509002098867,0.95260663507109,0.9519126226095009,0.9496011637597143,0.9504220569658423
obesity,40,7,1,0.9621749408983451,0.9638639676814676,0.9633084418798704,0.9628100856834596,0.9574468085106383,0.9605614709651977,0.958569739272043,0.9586906924663644
obesity,40,7,2,0.9644549763033176,0.9639013389408169,0.9620313966525333,0.9624493222207934,0.9502369668246445,0.9513926285459792,0.9474850797509081,0.9489024944183271
obesity,40,7,3,0.943127962085308,0.9419551026577703,0.943220516872165,0.9419841654259287,0.9312796208530806,0.9340906819317615,0.9323059288147196,0.9317189270103344
obesity,40,7,4,0.9644549763033176,0.9631592135286716,0.9615887156057576,0.961944497660505,0.95260663507109,0.9554300142227675,0.95130395428413,0.9516784934796033
obesity,40,7,5,0.9597156398104265,0.9573758207884541,0.958097525896344,0.9574480978170588,0.95260663507109,0.9517305793987617,0.950704881905191,0.9507457236625144
obesity,50,0,1,0.9692671394799054,0.9722800402766447,0.9706213670499384,0.9710343483571832,0.9692671394799054,0.9712882675053729,0.9704502267148637,0.97038458503068
obesity,50,0,2,0.9620853080568721,0.9613503185326536,0.9592841439052806,0.9598038195752908,0.9549763033175356,0.9571895998196782,0.9532928787505602,0.9541931739105227
obesity,50,0,3,0.9502369668246445,0.9492877994109522,0.9511570248086729,0.9497199255319854,0.933649289099526,0.934802741294634,0.9339839333498671,0.9333934659455994
obesity,50,0,4,0.9620853080568721,0.9611695597312689,0.9593909134079555,0.9597755673456906,0.9597156398104265,0.9582368262873171,0.9574906247565148,0.9574919768182694
obesity,50,0,5,0.9549763033175356,0.9536991489407045,0.952945757586681,0.9528786776212207,0.95260663507109,0.9522564159888104,0.9502373737237979,0.9507460373577695
obesity,50,1,1,0.9574468085106383,0.9597143667602072,0.9602511066796781,0.9595009736847745,0.966903073286052,0.967655621430709,0.967233053749311,0.9670355872533636
obesity,50,1,2,0.9620853080568721,0.9614263337872402,0.9592841439052806,0.9599424985949196,0.9502369668246445,0.954583538600379,0.9473625434528442,0.94878595496815
obesity,50,1,3,0.943127962085308,0.9428701721952227,0.9430088766605247,0.9425091982103009,0.9502369668246445,0.9519278168346491,0.951836620029846,0.950586995772238
obesity,50,1,4,0.9620853080568721,0.9605503562385008,0.9591275822690483,0.9594343355461444,0.9383886255924171,0.942479264416846,0.9357576776757718,0.9364484379976786
obesity,50,1,5,0.9549763033175356,0.9530142162460665,0.952945757586681,0.9526192009514977,0.957345971563981,0.9574254978431181,0.9550030669814082,0.95560778437033
obesity,50,2,1,0.9645390070921985,0.9647075781474277,0.9661657945615791,0.9650770017061595,0.9314420803782506,0.9358830203917528,0.931724082976738,0.9321712853686915
obesity,50,2,2,0.9620853080568721,0.9613503185326536,0.9592841439052806,0.9598038195752908,0.9478672985781991,0.9468836329382064,0.9441611034850431,0.9452308168068433
obesity,50,2,3,0.943127962085308,0.9421807753522178,0.943825203191137,0.9424287364778783,0.9407582938388626,0.9421629401064305,0.9425855962372444,0.940719920957964
obesity,50,2,4,0.9644549763033176,0.9635110589173311,0.9620863311977128,0.9625377941684039,0.9478672985781991,0.9498661362749633,0.9465222152858012,0.9465434024941549
obesity,50,2,5,0.9454976303317536,0.9433680092166635,0.9444304299970195,0.9433874966633795,0.966824644549763,0.9679719314102082,0.9646686131125926,0.9658521698700271
obesity,50,3,1,0.966903073286052,0.9676506562220848,0.9678871964586252,0.9672349385135162,0.966903073286052,0.9675132912619892,0.9674421537827671,0.9672646090024989
obesity,50,3,2,0.9620853080568721,0.9621029785710279,0.95948037624437,0.9600706256203987,0.95260663507109,0.9513003257169547,0.9497640226187983,0.9500144730877337
obesity,50,3,3,0.9383886255924171,0.9384889632295721,0.9380958003188772,0.9377163479629053,0.9478672985781991,0.9493182215099001,0.9495394889054227,0.9482373285092114
obesity,50,3,4,0.9620853080568721,0.9611215453923505,0.9601734540565946,0.9605517847426162,0.9549763033175356,0.9587815000213923,0.9511721453922132,0.9520579524076996
obesity,50,3,5,0.95260663507109,0.9510097164510499,0.9504394919225206,0.9502636146287992,0.95260663507109,0.9514326364469399,0.9492133081836034,0.949878246753247
obesity,50,4,1,0.9621749408983451,0.9627861294206161,0.9632939858758169,0.9629008552675767,0.9432624113475178,0.9427181088958483,0.9436183884307626,0.9429162812525841
obesity,50,4,2,0.9620853080568721,0.9613503185326536,0.9592841439052806,0.9598038195752908,0.957345971563981,0.957870082815735,0.9548282878900685,0.9553913834817004
obesity,50,4,3,0.9502369668246445,0.949026285980487,0.951761711127645,0.9497084491229933,0.9478672985781991,0.9480131339045922,0.9488321650402041,0.9474884532136226
obesity,50,4,4,0.9644549763033176,0.9633962780514504,0.9614317297344861,0.9619563343812515,0.9218009478672986,0.9312116825308373,0.918895479357613,0.9204053935124342
obesity,50,4,5,0.9549763033175356,0.953631002269057,0.9530849945680232,0.9527718823833226,0.95260663507109,0.9542719404019431,0.9499905356530874,0.9511641837435115
obesity,50,5,1,0.9716312056737588,0.9724141755391755,0.973269619698191,0.9726687302797973,0.9456264775413712,0.9459900698286602,0.9495915376477437,0.9462224311953482
obesity,50,5,2,0.9620853080568721,0.9614263337872402,0.9592841439052806,0.9599424985949196,0.9597156398104265,0.9593159324183641,0.9575965457891111,0.9578693104112627
obesity,50,5,3,0.9383886255924171,0.9382677223872935,0.9383225576884916,0.9378656935667963,0.9478672985781991,0.9478040836260032,0.9491640656279683,0.9477768060051383
obesity,50,5,4,0.9620853080568721,0.9605503562385008,0.9591275822690483,0.9594343355461444,0.9502369668246445,0.9497250144707771,0.9479246863909069,0.9483080652232181
obesity,50,5,5,0.9454976303317536,0.9433680092166635,0.9444304299970195,0.9433874966633795,0.9620853080568721,0.9634018666755239,0.9597970992896719,0.9610559850285357
obesity,50,6,1,0.9574468085106383,0.9595844395905934,0.9593502057787772,0.9585584293526023,0.9763593380614657,0.9772047557761844,0.9761101804835806,0.9765384746911696
obesity,50,6,2,0.9597156398104265,0.9602577747224286,0.9570324740065519,0.9579140280332289,0.9360189573459715,0.9361570593149541,0.9312229194154847,0.9319975451409181
obesity,50,6,3,0.943127962085308,0.9428701721952227,0.9430088766605247,0.9425091982103009,0.95260663507109,0.954137191410797,0.9555441831807937,0.9526140532374286
obesity,50,6,4,0.957345971563981,0.9568988072682655,0.955045949615987,0.9554773253439003,0.95260663507109,0.9558273270405798,0.9504240737959545,0.951069105226469
obesity,50,6,5,0.9549763033175356,0.9526189486237913,0.9532871127667457,0.9525692958687514,0.9597156398104265,0.9585297455188204,0.9567321051760846,0.957190786186506
obesity,50,7,1,0.9621749408983451,0.9643846492303009,0.9623671351246103,0.9628407538132178,0.9739952718676123,0.972011082966365,0.9734810960629271,0.9725792148310374
obesity,50,7,2,0.9597156398104265,0.9589957329737336,0.9567331234971173,0.9571558218145434,0.95260663507109,0.9525485997069799,0.9502029103688413,0.9508611591220131
obesity,50,7,3,0.9454976303317536,0.9452526810901196,0.9454427390943873,0.9449714605988832,0.9454976303317536,0.9461740240459635,0.947241680893329,0.9456536871915004
obesity,50,7,4,0.957345971563981,0.95646091604688,0.9542424904023896,0.9548886646531656,0.9502369668246445,0.9528080474960943,0.9485321152197945,0.9483448000273066
obesity,50,7,5,0.95260663507109,0.9505072969358684,0.9506416101212432,0.9500901305415563,0.9644549763033176,0.9645296528490613,0.9625886607866041,0.9632165082968498
