dataset,fold,rep,beta,gamma,delta,fitness,spearman_corr,spearman_p,accuracy,precision,recall,f1
wine,1,1,0.25,0.25,0.01,0.34756335282651074,-0.21817148285833357,5.61907082841964e-23,0.9333333333333333,0.9387254901960785,0.9373219373219372,0.9358730158730159
wine,1,2,0.25,0.25,0.01,0.3598927875243665,-0.030021243968897705,0.1795784980285051,0.9555555555555556,0.9558404558404558,0.9558404558404558,0.9558404558404558
wine,1,3,0.25,0.25,0.01,0.3592105263157895,-0.17512600322060903,3.070460986455069e-15,0.9333333333333333,0.9392712550607287,0.9338624338624338,0.9359359359359359
wine,2,1,0.25,0.25,0.01,0.36057504873294344,0.2700011051755611,9.477169544414199e-35,0.9555555555555556,0.9555555555555556,0.9607843137254902,0.9553571428571429
wine,2,2,0.25,0.25,0.01,0.3623781676413255,-0.08506503251255922,0.00013967077250505412,0.9555555555555556,0.9553571428571429,0.9607843137254902,0.9560682994822779
wine,2,3,0.25,0.25,0.01,0.373635477582846,-0.41853220344827574,1.1949354373152117e-85,0.9333333333333333,0.9315476190476191,0.9351432880844645,0.9326599326599326
wine,3,1,0.25,0.25,0.01,0.374317738791423,-0.36556460035182886,2.813098932200725e-64,0.9545454545454546,0.9583333333333334,0.9523809523809524,0.9521367521367522
wine,3,2,0.25,0.25,0.01,0.358625730994152,-0.13833870772735088,5.207509255569871e-10,0.9772727272727273,0.9777777777777779,0.9761904761904763,0.9761600681140911
wine,3,3,0.25,0.25,0.01,0.3567738791423002,-0.2734087764389939,1.2701546503045008e-35,0.9772727272727273,0.9777777777777779,0.9761904761904763,0.9761600681140911
wine,4,1,0.25,0.25,0.01,0.36213450292397664,0.5289686565582657,1.313838820997887e-144,0.9090909090909091,0.9212962962962963,0.9134199134199134,0.9114066496163682
wine,4,2,0.25,0.25,0.01,0.3689571150097466,0.09459127891155675,2.2641616310015906e-05,0.9090909090909091,0.8928571428571429,0.9307359307359307,0.9074074074074074
wine,4,3,0.25,0.25,0.01,0.3476120857699805,0.13285940964114457,2.4553901186897966e-09,0.9318181818181818,0.9174603174603174,0.9458874458874459,0.927361469997129
wine,1,1,0.25,0.25,0.05,0.32884990253411306,0.14505402321236505,7.151040111266783e-11,1.0,1.0,1.0,1.0
wine,1,2,0.25,0.25,0.05,0.3180409356725146,0.19303451702913493,3.05472878753176e-18,1.0,1.0,1.0,1.0
wine,1,3,0.25,0.25,0.05,0.3404970760233918,-0.30716068881752145,5.843871058967664e-45,0.9555555555555556,0.9592592592592593,0.9558404558404558,0.9566538952745849
wine,2,1,0.25,0.25,0.05,0.3685185185185185,-0.09275891282917198,3.2575580302977165e-05,0.9555555555555556,0.9607843137254902,0.9607843137254902,0.9583333333333334
wine,2,2,0.25,0.25,0.05,0.3558479532163743,0.3706311203625496,3.726662192190202e-66,0.9777777777777777,0.9761904761904763,0.9803921568627452,0.9775533108866442
wine,2,3,0.25,0.25,0.05,0.3374269005847953,0.35150296898157396,3.0648078206252068e-59,0.9777777777777777,0.9761904761904763,0.9803921568627452,0.9775533108866442
wine,3,1,0.25,0.25,0.05,0.3315789473684211,-0.05608511497455761,0.012120751743568602,1.0,1.0,1.0,1.0
wine,3,2,0.25,0.25,0.05,0.3726608187134503,0.01898164173302512,0.39619823305910296,1.0,1.0,1.0,1.0
wine,3,3,0.25,0.25,0.05,0.35828460038986354,-0.017597830227561367,0.4315349256035428,1.0,1.0,1.0,1.0
wine,4,1,0.25,0.25,0.05,0.34800194931773876,0.23221446635567608,6.796274732184132e-26,0.9090909090909091,0.907018907018907,0.9220779220779219,0.9130520895226777
wine,4,2,0.25,0.25,0.05,0.35423976608187135,0.4335701341864252,1.8583148447474602e-92,0.8863636363636364,0.8835978835978836,0.906926406926407,0.8940134193212167
wine,4,3,0.25,0.25,0.05,0.3655945419103314,0.5795629357679782,8.012177998002927e-180,0.9090909090909091,0.8928571428571429,0.9307359307359307,0.9074074074074074
wine,1,1,0.25,0.5,0.01,0.46998050682261205,-0.4725922848069119,8.224696397557484e-112,0.9777777777777777,0.9777777777777779,0.9814814814814815,0.9789819376026273
wine,1,2,0.25,0.5,0.01,0.46538011695906434,-0.4415622407421915,3.221587152973245e-96,0.9555555555555556,0.9666666666666667,0.9505494505494506,0.9567771280051982
wine,1,3,0.25,0.5,0.01,0.47621832358674465,-0.5543074537910934,1.7341131331268981e-161,0.9333333333333333,0.9327731092436974,0.9391534391534391,0.935273368606702
wine,2,1,0.25,0.5,0.01,0.46842105263157896,-0.14867390804565664,2.3584929168669765e-11,0.9111111111111111,0.9121732026143791,0.9095022624434389,0.9100316255534472
wine,2,2,0.25,0.5,0.01,0.46832358674463936,0.4051591357983997,7.031444520994358e-80,0.9555555555555556,0.9553571428571429,0.9607843137254902,0.9560682994822779
wine,2,3,0.25,0.5,0.01,0.46988304093567246,-0.2198513965828721,2.576692007545954e-23,0.9777777777777777,0.9791666666666666,0.9803921568627452,0.9791463017269469
wine,3,1,0.25,0.5,0.01,0.4996101364522417,-0.0616195581362309,0.00584044465084067,0.9772727272727273,0.9777777777777779,0.9761904761904763,0.9761600681140911
wine,3,2,0.25,0.5,0.01,0.4551656920077973,-0.07273437010449905,0.0011336911668756537,1.0,1.0,1.0,1.0
wine,3,3,0.25,0.5,0.01,0.45935672514619885,-0.25514891242023197,4.321907982408708e-31,1.0,1.0,1.0,1.0
wine,4,1,0.25,0.5,0.01,0.4552631578947368,0.503257719949434,6.927304848915259e-129,0.8636363636363636,0.8523809523809524,0.8917748917748917,0.8677248677248676
wine,4,2,0.25,0.5,0.01,0.43918128654970756,0.6771386343450767,1.8711651536126406e-268,0.9545454545454546,0.961038961038961,0.961038961038961,0.961038961038961
wine,4,3,0.25,0.5,0.01,0.48703703703703705,-0.3125955754810252,1.388476668970476e-46,0.8409090909090909,0.8263841421736159,0.8766233766233765,0.8428388043278928
wine,1,1,0.25,0.5,0.05,0.4224171539961014,0.23038430012598612,1.6738960773606843e-25,1.0,1.0,1.0,1.0
wine,1,2,0.25,0.5,0.05,0.46851851851851856,-0.27671739356964864,1.7553539896877988e-36,1.0,1.0,1.0,1.0
wine,1,3,0.25,0.5,0.05,0.44239766081871346,-0.061339846727565935,0.006068250669231016,0.9777777777777777,0.9777777777777779,0.9814814814814815,0.9789819376026273
wine,2,1,0.25,0.5,0.05,0.42816764132553603,-0.14746553837990165,3.425847734004006e-11,0.9333333333333333,0.9347222222222222,0.9411764705882352,0.9331797235023043
wine,2,2,0.25,0.5,0.05,0.4499025341130604,0.0626413618855886,0.005072270109733466,0.9555555555555556,0.9553571428571429,0.9607843137254902,0.9560682994822779
wine,2,3,0.25,0.5,0.05,0.437037037037037,0.10011873490512636,7.259940205684179e-06,0.9555555555555556,0.9553571428571429,0.9607843137254902,0.9560682994822779
wine,3,1,0.25,0.5,0.05,0.49337231968810913,-0.15225953221427085,7.650735396117439e-12,1.0,1.0,1.0,1.0
wine,3,2,0.25,0.5,0.05,0.4248148148148148,-0.1789966896400952,7.312231587272002e-16,1.0,1.0,1.0,1.0
wine,3,3,0.25,0.5,0.05,0.434021164021164,0.1849296307994417,7.610775921500325e-17,1.0,1.0,1.0,1.0
wine,4,1,0.25,0.5,0.05,0.4440350877192983,-0.20129838009497475,9.912222348199135e-20,0.9090909090909091,0.8916666666666666,0.9393939393939394,0.9074074074074074
wine,4,2,0.25,0.5,0.05,0.4481481481481482,0.30075291521358244,4.343784018145095e-43,0.9318181818181818,0.9232804232804233,0.9458874458874459,0.933326819099733
wine,4,3,0.25,0.5,0.05,0.4422027290448343,0.08327034209791813,0.0001929205731560855,0.9090909090909091,0.8868686868686869,0.9393939393939394,0.902540834845735
wine,1,1,0.25,0.75,0.01,0.642251461988304,-0.6518074445020623,2.859544578686072e-242,0.9111111111111111,0.9138888888888889,0.9259259259259259,0.9123015873015873
wine,1,2,0.25,0.75,0.01,0.5975146198830409,-0.15566204952270435,2.5637561730311463e-12,1.0,1.0,1.0,1.0
wine,1,3,0.25,0.75,0.01,0.6457602339181286,0.3124224924883625,1.5659993492834853e-46,0.9777777777777777,0.9777777777777779,0.9814814814814815,0.9789819376026273
wine,2,1,0.25,0.75,0.01,0.5438596491228069,0.050344919969249856,0.02435303454569676,0.9777777777777777,0.9761904761904763,0.9803921568627452,0.9775533108866442
wine,2,2,0.25,0.75,0.01,0.5415497076023392,-0.4883172084122032,2.3812970355320625e-120,0.9333333333333333,0.9369747899159663,0.9411764705882352,0.9345629231381919
wine,2,3,0.25,0.75,0.01,0.6057017543859649,0.32757120769490505,3.0755005636011214e-51,0.9555555555555556,0.9547511312217195,0.9547511312217195,0.9547511312217195
wine,3,1,0.25,0.75,0.01,0.5989766081871345,0.1918942797821214,4.844301552152538e-18,1.0,1.0,1.0,1.0
wine,3,2,0.25,0.75,0.01,0.5527777777777778,0.005253109181415069,0.8143787672946368,1.0,1.0,1.0,1.0
wine,3,3,0.25,0.75,0.01,0.5883040935672514,0.05774396455683471,0.009796535675590919,1.0,1.0,1.0,1.0
wine,4,1,0.25,0.75,0.01,0.5394736842105263,-0.08052181479810057,0.00031257630594801346,0.8863636363636364,0.871345029239766,0.9155844155844156,0.8803372478169226
wine,4,2,0.25,0.75,0.01,0.5923976608187134,0.26864382240343926,2.0933285055707255e-34,0.9090909090909091,0.8928571428571429,0.9307359307359307,0.9074074074074074
wine,4,3,0.25,0.75,0.01,0.5694444444444444,0.6178077858461455,7.549731579159344e-211,0.9318181818181818,0.9232804232804233,0.9458874458874459,0.933326819099733
wine,1,1,0.25,0.75,0.05,0.5219298245614035,0.05881925550641164,0.008510631815148809,1.0,1.0,1.0,1.0
wine,1,2,0.25,0.75,0.05,0.5298538011695907,-0.3185200602788522,2.151924155551539e-48,1.0,1.0,1.0,1.0
wine,1,3,0.25,0.75,0.05,0.6149122807017544,-0.010517578721284162,0.6382983193120861,0.9777777777777777,0.9761904761904763,0.9814814814814815,0.9781305114638448
wine,2,1,0.25,0.75,0.05,0.5385964912280702,0.04535476876140654,0.04254978765109815,0.9555555555555556,0.9553571428571429,0.9607843137254902,0.9560682994822779
wine,2,2,0.25,0.75,0.05,0.5191520467836257,0.2880449261776568,1.62546259120516e-39,0.9777777777777777,0.9761904761904763,0.9803921568627452,0.9775533108866442
wine,2,3,0.25,0.75,0.05,0.5312865497076024,0.4081732364999002,3.7110777608896587e-81,1.0,1.0,1.0,1.0
wine,3,1,0.25,0.75,0.05,0.5339181286549708,-0.2377070925088214,4.335223902301068e-27,0.9772727272727273,0.9777777777777779,0.9791666666666666,0.9777530589543938
wine,3,2,0.25,0.75,0.05,0.506578947368421,0.22052682478700453,1.879887866075226e-23,1.0,1.0,1.0,1.0
wine,3,3,0.25,0.75,0.05,0.5257894736842106,-0.22817328820349467,4.921851343223644e-25,0.9545454545454546,0.9565826330532213,0.9523809523809524,0.9537437870771205
wine,4,1,0.25,0.75,0.05,0.5714912280701754,0.3024178861838006,1.4328218321240317e-43,0.9090909090909091,0.9042207792207791,0.9042207792207791,0.9042207792207791
wine,4,2,0.25,0.75,0.05,0.5535087719298246,-0.0092787707659748,0.6783551288902592,0.8409090909090909,0.8248366013071896,0.8852813852813853,0.8390215148835839
wine,4,3,0.25,0.75,0.05,0.5584795321637426,0.6086526341081002,4.926233351908645e-203,0.9545454545454546,0.9407407407407407,0.9696969696969697,0.9530248881161659
wine,1,1,0.5,0.25,0.01,0.6033625730994152,0.11510350591689777,2.449391010301084e-07,1.0,1.0,1.0,1.0
wine,1,2,0.5,0.25,0.01,0.6093567251461989,-0.008948538486403954,0.6891943583810793,0.9555555555555556,0.9576719576719577,0.9576719576719577,0.95679012345679
wine,1,3,0.5,0.25,0.01,0.6072124756335282,0.2133630781222609,5.050873465421391e-22,0.9777777777777777,0.9761904761904763,0.9761904761904763,0.9753086419753085
wine,2,1,0.5,0.25,0.01,0.6097465886939571,0.2649608695189898,1.7568706425270083e-33,1.0,1.0,1.0,1.0
wine,2,2,0.5,0.25,0.01,0.5702729044834308,0.030832308288754887,0.16810192394011123,0.9777777777777777,0.9761904761904763,0.9803921568627452,0.9775533108866442
wine,2,3,0.5,0.25,0.01,0.5937621832358675,-0.0037018215051050534,0.8685917231235203,0.9111111111111111,0.9129210658622423,0.9155354449472096,0.9118589743589745
wine,3,1,0.5,0.25,0.01,0.5966861598440546,0.17935129862738383,6.401100402987122e-16,1.0,1.0,1.0,1.0
wine,3,2,0.5,0.25,0.01,0.627729044834308,0.03752071885122182,0.09344099961178111,1.0,1.0,1.0,1.0
wine,3,3,0.5,0.25,0.01,0.5829922027290448,0.08929184655111799,6.367903878631538e-05,1.0,1.0,1.0,1.0
wine,4,1,0.5,0.25,0.01,0.6127680311890839,-0.23852338512153873,2.862529495948504e-27,0.8181818181818182,0.7973063973063973,0.8436147186147186,0.8111312764670296
wine,4,2,0.5,0.25,0.01,0.623635477582846,0.4755339569881793,2.2468966653615905e-113,0.9545454545454546,0.9407407407407407,0.9696969696969697,0.9530248881161659
wine,4,3,0.5,0.25,0.01,0.617056530214425,0.5562792373470806,7.309520025147953e-163,0.9318181818181818,0.9396825396825396,0.9458874458874459,0.942261427425822
wine,1,1,0.5,0.25,0.05,0.5632553606237817,-0.08236931322637124,0.0002263504360786805,1.0,1.0,1.0,1.0
wine,1,2,0.5,0.25,0.05,0.5937134502923976,-0.13507514768857568,1.3213361103058676e-09,0.9777777777777777,0.9777777777777779,0.9814814814814815,0.9789819376026273
wine,1,3,0.5,0.25,0.05,0.5894249512670565,0.1257811430682907,1.6612940348443972e-08,1.0,1.0,1.0,1.0
wine,2,1,0.5,0.25,0.05,0.5719298245614035,0.062007428816545265,0.005537296951044898,0.9555555555555556,0.9555555555555556,0.9607843137254902,0.9553571428571429
wine,2,2,0.5,0.25,0.05,0.5966861598440546,0.26497842561701707,1.7392824717249765e-33,0.9555555555555556,0.9553571428571429,0.9607843137254902,0.9560682994822779
wine,2,3,0.5,0.25,0.05,0.5794834307992203,0.1564551762697835,1.9800209148407034e-12,0.9555555555555556,0.9553571428571429,0.9607843137254902,0.9560682994822779
wine,3,1,0.5,0.25,0.05,0.5960526315789474,0.028558312286221344,0.2017334480788092,1.0,1.0,1.0,1.0
wine,3,2,0.5,0.25,0.05,0.5739766081871345,0.03176997070498529,0.15553010132932982,1.0,1.0,1.0,1.0
wine,3,3,0.5,0.25,0.05,0.5842592592592593,-0.013084663560487543,0.5586666400026508,0.9772727272727273,0.9777777777777779,0.9761904761904763,0.9761600681140911
wine,4,1,0.5,0.25,0.05,0.5923489278752436,0.4462730351342234,1.7520018100995968e-98,0.9090909090909091,0.8916666666666666,0.9393939393939394,0.9074074074074074
wine,4,2,0.5,0.25,0.05,0.5916179337231969,0.2590315483360876,5.03223029269913e-32,0.9090909090909091,0.9220779220779219,0.9220779220779219,0.9220779220779219
wine,4,3,0.5,0.25,0.05,0.6011695906432748,0.45043924515052897,1.6249540163481723e-100,0.9318181818181818,0.9111111111111111,0.9545454545454546,0.9270784661869608
wine,1,1,0.5,0.5,0.01,0.7158869395711501,-0.18538429361027775,6.378965267541425e-17,0.9555555555555556,0.9558404558404558,0.9558404558404558,0.9558404558404558
wine,1,2,0.5,0.5,0.01,0.7139376218323588,-0.18898009026344897,1.5537692379258036e-17,0.9555555555555556,0.9666666666666667,0.9505494505494506,0.9567771280051982
wine,1,3,0.5,0.5,0.01,0.7246588693957114,-0.06663982924269528,0.0028667584141036807,0.9777777777777777,0.9777777777777779,0.9814814814814815,0.9789819376026273
wine,2,1,0.5,0.5,0.01,0.6686159844054581,-0.39639824430988685,3.0642754862715155e-76,0.9333333333333333,0.9347222222222222,0.9411764705882352,0.9331797235023043
wine,2,2,0.5,0.5,0.01,0.7167641325536063,0.5750001585724058,2.163624946270008e-176,0.9333333333333333,0.9351432880844645,0.9351432880844645,0.9326923076923078
wine,2,3,0.5,0.5,0.01,0.7288499025341131,0.4497641394384434,3.484569555665431e-100,0.9777777777777777,0.9761904761904763,0.9803921568627452,0.9775533108866442
wine,3,1,0.5,0.5,0.01,0.68635477582846,0.06545230419995415,0.003406824108427735,1.0,1.0,1.0,1.0
wine,3,2,0.5,0.5,0.01,0.671345029239766,0.06159569964411838,0.005859570855181643,1.0,1.0,1.0,1.0
wine,3,3,0.5,0.5,0.01,0.7008771929824562,0.0859273933312273,0.00011932679417595662,1.0,1.0,1.0,1.0
wine,4,1,0.5,0.5,0.01,0.6981481481481482,0.48792441885500876,3.940633201361511e-120,0.9090909090909091,0.8916666666666666,0.9393939393939394,0.9074074074074074
wine,4,2,0.5,0.5,0.01,0.6712475633528265,0.28928246093025173,7.429891889471216e-40,0.8863636363636364,0.871345029239766,0.9155844155844156,0.8878297978382083
wine,4,3,0.5,0.5,0.01,0.7,0.31500935847591605,2.5714816015391047e-47,0.8863636363636364,0.8677375256322625,0.9155844155844156,0.8829084907390428
wine,1,1,0.5,0.5,0.05,0.6744639376218324,-0.16456539431549488,1.3062789197258262e-13,0.9777777777777777,0.9761904761904763,0.9814814814814815,0.9781305114638448
wine,1,2,0.5,0.5,0.05,0.7251461988304093,0.1104221192388916,7.410510092802831e-07,1.0,1.0,1.0,1.0
wine,1,3,0.5,0.5,0.05,0.6714424951267057,-0.19242533580623747,3.9094678144884475e-18,0.9555555555555556,0.953968253968254,0.9629629629629629,0.9565522249768361
wine,2,1,0.5,0.5,0.05,0.6509746588693958,0.19656841854512885,7.184204342716376e-19,0.9777777777777777,0.9791666666666666,0.9803921568627452,0.9791463017269469
wine,2,2,0.5,0.5,0.05,0.6730019493177388,0.034631093265536754,0.12156314847489604,0.8888888888888888,0.894993894993895,0.8959276018099548,0.8902925031957291
wine,2,3,0.5,0.5,0.05,0.6626705653021443,0.008067653894359752,0.7184158683927289,0.9777777777777777,0.9761904761904763,0.9803921568627452,0.9775533108866442
wine,3,1,0.5,0.5,0.05,0.6688109161793372,-0.11298671614835055,4.062833064759967e-07,1.0,1.0,1.0,1.0
wine,3,2,0.5,0.5,0.05,0.6608187134502924,0.08571529691842229,0.0001240540814255944,1.0,1.0,1.0,1.0
wine,3,3,0.5,0.5,0.05,0.741812865497076,0.25749303356402725,1.1850342036969208e-31,0.9772727272727273,0.9777777777777779,0.9761904761904763,0.9761600681140911
wine,4,1,0.5,0.5,0.05,0.6855750487329435,0.21227623280785415,8.236923428453907e-22,0.8409090909090909,0.8248366013071896,0.8852813852813853,0.8390215148835839
wine,4,2,0.5,0.5,0.05,0.7086744639376219,0.32378915273428643,4.881364381731616e-50,0.9545454545454546,0.961038961038961,0.961038961038961,0.961038961038961
wine,4,3,0.5,0.5,0.05,0.6341130604288499,0.11475171403965063,2.665960964466623e-07,0.8863636363636364,0.8677375256322625,0.9155844155844156,0.8829084907390428
wine,1,1,0.5,0.75,0.01,0.7372807017543859,-0.14130090641831525,2.1942970316310528e-10,0.9777777777777777,0.9761904761904763,0.9814814814814815,0.9781305114638448
wine,1,2,0.5,0.75,0.01,0.7828947368421052,-0.2852254118175411,9.533248097952146e-39,0.9777777777777777,0.9824561403508771,0.9743589743589745,0.9776576576576576
wine,1,3,0.5,0.75,0.01,0.7883040935672515,0.45628553147800205,2.0433208806844248e-103,1.0,1.0,1.0,1.0
wine,2,1,0.5,0.75,0.01,0.7912280701754386,0.1881020817576066,2.19934329834633e-17,0.9777777777777777,0.9761904761904763,0.9803921568627452,0.9775533108866442
wine,2,2,0.5,0.75,0.01,0.8580409356725146,0.03803897489001763,0.08899808649895641,0.9333333333333333,0.9347222222222222,0.9411764705882352,0.9331797235023043
wine,2,3,0.5,0.75,0.01,0.8068713450292397,0.22457809600991308,2.774925461238926e-24,0.9777777777777777,0.9761904761904763,0.9803921568627452,0.9775533108866442
wine,3,1,0.5,0.75,0.01,0.8273391812865497,0.06942142681856475,0.0018936254282965579,1.0,1.0,1.0,1.0
wine,3,2,0.5,0.75,0.01,0.8001461988304094,0.2763796086195024,2.1510878537589246e-36,1.0,1.0,1.0,1.0
wine,3,3,0.5,0.75,0.01,0.8381578947368421,-0.02252350351506608,0.3140406625346356,1.0,1.0,1.0,1.0
wine,4,1,0.5,0.75,0.01,0.85453216374269,0.2971952809767216,4.534421511189944e-42,0.8863636363636364,0.871345029239766,0.9155844155844156,0.8878297978382083
wine,4,2,0.5,0.75,0.01,0.7789473684210526,0.6671635947879859,7.796816134350267e-258,0.9318181818181818,0.9232804232804233,0.9458874458874459,0.933326819099733
wine,4,3,0.5,0.75,0.01,0.7976608187134503,0.3261696896794566,8.606562865399797e-51,0.9318181818181818,0.9232804232804233,0.9458874458874459,0.933326819099733
wine,1,1,0.5,0.75,0.05,0.7843567251461988,-0.422448063887692,2.1759845673317454e-87,0.9555555555555556,0.953968253968254,0.9629629629629629,0.9565522249768361
wine,1,2,0.5,0.75,0.05,0.7817251461988304,-0.28661857996955364,3.987783129068877e-39,0.9777777777777777,0.9824561403508771,0.9743589743589745,0.9776576576576576
wine,1,3,0.5,0.75,0.05,0.7482456140350877,-0.09569403599986019,1.813204822553894e-05,0.9555555555555556,0.9666666666666667,0.9505494505494506,0.9567771280051982
wine,2,1,0.5,0.75,0.05,0.7359649122807017,0.413740422724592,1.496172510193308e-83,0.9555555555555556,0.9553571428571429,0.9607843137254902,0.9560682994822779
wine,2,2,0.5,0.75,0.05,0.7858187134502924,-0.19819504724575857,3.6559133730104057e-19,0.9777777777777777,0.9761904761904763,0.9803921568627452,0.9775533108866442
wine,2,3,0.5,0.75,0.05,0.7271929824561404,0.40390119860794405,2.3787267245712332e-79,0.9555555555555556,0.9553571428571429,0.9607843137254902,0.9560682994822779
wine,3,1,0.5,0.75,0.05,0.8064327485380116,-0.15452889416846163,3.6998813390350725e-12,0.9772727272727273,0.9777777777777779,0.9761904761904763,0.9761600681140911
wine,3,2,0.5,0.75,0.05,0.7366081871345029,-0.1367671945097134,8.176129153297206e-10,1.0,1.0,1.0,1.0
wine,3,3,0.5,0.75,0.05,0.7252046783625732,0.16759690848230036,4.561446086257526e-14,1.0,1.0,1.0,1.0
wine,4,1,0.5,0.75,0.05,0.7711988304093567,0.5737793034689583,1.7546381517556579e-175,0.9545454545454546,0.9478114478114478,0.961038961038961,0.9528949626988842
wine,4,2,0.5,0.75,0.05,0.7592105263157896,0.5496503109897294,2.8235318370636353e-158,0.9318181818181818,0.9111111111111111,0.9545454545454546,0.9270784661869608
wine,4,3,0.5,0.75,0.05,0.7926900584795322,0.21709682799165114,9.221467451557388e-23,0.9090909090909091,0.8928571428571429,0.9307359307359307,0.9074074074074074
wine,1,1,0.75,0.25,0.01,0.8776803118908382,-0.17438158092845027,4.031211001493462e-15,0.9777777777777777,0.9777777777777779,0.9814814814814815,0.9789819376026273
wine,1,2,0.75,0.25,0.01,0.8530701754385965,-0.32054642449077253,5.0625538521376735e-49,1.0,1.0,1.0,1.0
wine,1,3,0.75,0.25,0.01,0.8740253411306043,-0.2784671599033488,6.095392716849334e-37,0.9777777777777777,0.9761904761904763,0.9814814814814815,0.9781305114638448
wine,2,1,0.75,0.25,0.01,0.841374269005848,0.33352100922775024,3.6667942159622484e-53,0.9777777777777777,0.9761904761904763,0.9803921568627452,0.9775533108866442
wine,2,2,0.75,0.25,0.01,0.8396686159844055,0.33568188528603826,7.161740119470549e-54,0.9777777777777777,0.9761904761904763,0.9803921568627452,0.9775533108866442
wine,2,3,0.75,0.25,0.01,0.8612573099415205,0.05011213928748141,0.02502024706117009,0.9555555555555556,0.9553571428571429,0.9607843137254902,0.9560682994822779
wine,3,1,0.75,0.25,0.01,0.8387426900584796,-0.04176224467379122,0.06185811857479923,1.0,1.0,1.0,1.0
wine,3,2,0.75,0.25,0.01,0.8597953216374269,0.22070837288862902,1.7268272591376905e-23,1.0,1.0,1.0,1.0
wine,3,3,0.75,0.25,0.01,0.8512183235867447,0.06459215538948562,0.003854120627214475,1.0,1.0,1.0,1.0
wine,4,1,0.75,0.25,0.01,0.8713450292397661,0.4158519378949062,1.798274202303596e-84,0.9318181818181818,0.9232804232804233,0.9458874458874459,0.933326819099733
wine,4,2,0.75,0.25,0.01,0.8771442495126706,0.4597691424558452,3.588759464473815e-105,0.9318181818181818,0.9339774557165862,0.9372294372294373,0.9325289089994971
wine,4,3,0.75,0.25,0.01,0.8456627680311891,0.1841905854014767,1.0130933845092741e-16,0.9772727272727273,0.9629629629629629,0.9848484848484849,0.972640218878249
wine,1,1,0.75,0.25,0.05,0.840448343079922,0.1230422087436532,3.386880754635075e-08,0.9777777777777777,0.9824561403508771,0.9743589743589745,0.9776576576576576
wine,1,2,0.75,0.25,0.05,0.8461988304093567,-0.2327866271132669,5.1191035873922924e-26,0.9555555555555556,0.9555555555555556,0.9629629629629629,0.9565826330532213
wine,1,3,0.75,0.25,0.05,0.8405458089668616,0.0007575955359368224,0.9729891684919975,1.0,1.0,1.0,1.0
wine,2,1,0.75,0.25,0.05,0.8302631578947368,0.060665005323189226,0.006651127886973792,0.9777777777777777,0.9761904761904763,0.9803921568627452,0.9775533108866442
wine,2,2,0.75,0.25,0.05,0.8217348927875243,0.0668007222154933,0.0027999264802268066,0.9777777777777777,0.9761904761904763,0.9803921568627452,0.9775533108866442
wine,2,3,0.75,0.25,0.05,0.8329922027290448,0.02697567672777909,0.22787373015592774,0.9777777777777777,0.9761904761904763,0.9803921568627452,0.9775533108866442
wine,3,1,0.75,0.25,0.05,0.8409844054580896,0.09637371810249959,1.5793395523974374e-05,1.0,1.0,1.0,1.0
wine,3,2,0.75,0.25,0.05,0.8338206627680311,0.11277350348992199,4.2731495705652734e-07,1.0,1.0,1.0,1.0
wine,3,3,0.75,0.25,0.05,0.8332358674463938,0.18902055516941918,1.52902266586712e-17,1.0,1.0,1.0,1.0
wine,4,1,0.75,0.25,0.05,0.8443469785575048,0.2139442450141865,3.884300059677248e-22,0.8409090909090909,0.8248366013071896,0.8852813852813853,0.8390215148835839
wine,4,2,0.75,0.25,0.05,0.8278752436647173,-0.023537860427834716,0.29273863230774644,0.8636363636363636,0.8461279461279462,0.9004329004329005,0.862885662431942
wine,4,3,0.75,0.25,0.05,0.826120857699805,0.004910339356686928,0.8262908889117712,0.8181818181818182,0.8042328042328042,0.8614718614718614,0.8190476190476191
wine,1,1,0.75,0.5,0.01,0.9823586744639377,-0.053223328602935896,0.017292972668534787,0.9777777777777777,0.9777777777777779,0.9814814814814815,0.9789819376026273
wine,1,2,0.75,0.5,0.01,0.9192982456140351,0.14334064683266454,1.1974065819563654e-10,0.9777777777777777,0.9777777777777779,0.9814814814814815,0.9789819376026273
wine,1,3,0.75,0.5,0.01,0.9339181286549707,-0.03322052280394519,0.13750461308338915,1.0,1.0,1.0,1.0
wine,2,1,0.75,0.5,0.01,0.9379142300194931,0.40207923704296183,1.3770002223541832e-78,0.9555555555555556,0.9553571428571429,0.9607843137254902,0.9560682994822779
wine,2,2,0.75,0.5,0.01,0.9342105263157895,0.298315430911049,2.1744014563511698e-42,0.9777777777777777,0.9761904761904763,0.9803921568627452,0.9775533108866442
wine,2,3,0.75,0.5,0.01,0.9402534113060429,0.37199831673339184,1.1449256559514737e-66,0.9777777777777777,0.9761904761904763,0.9803921568627452,0.9775533108866442
wine,3,1,0.75,0.5,0.01,0.9217348927875244,0.08751780724199809,8.892087126611508e-05,1.0,1.0,1.0,1.0
wine,3,2,0.75,0.5,0.01,0.9320662768031189,0.0759592118954221,0.0006743811802560693,1.0,1.0,1.0,1.0
wine,3,3,0.75,0.5,0.01,0.9483430799220273,0.10255404854419396,4.314843553515189e-06,1.0,1.0,1.0,1.0
wine,4,1,0.75,0.5,0.01,0.9765107212475633,0.5318099213004167,1.980341267624867e-146,0.9545454545454546,0.9407407407407407,0.9696969696969697,0.9530248881161659
wine,4,2,0.75,0.5,0.01,0.9292397660818714,0.5231312155366159,6.419189546446984e-141,0.8863636363636364,0.8835978835978836,0.906926406926407,0.8940134193212167
wine,4,3,0.75,0.5,0.01,0.9211500974658869,-0.04038747992087171,0.07095105723884881,0.8863636363636364,0.8666666666666667,0.9242424242424242,0.8791040377247276
wine,1,1,0.75,0.5,0.05,0.9144249512670565,0.045417329896686544,0.04226484560145784,0.9777777777777777,0.9777777777777779,0.9814814814814815,0.9789819376026273
wine,1,2,0.75,0.5,0.05,0.9092592592592592,-0.21160818340720433,1.1110714020099926e-21,1.0,1.0,1.0,1.0
wine,1,3,0.75,0.5,0.05,0.911793372319688,-0.24483952673508158,1.0935347974287308e-28,0.9555555555555556,0.9583333333333334,0.9629629629629629,0.9581699346405229
wine,2,1,0.75,0.5,0.05,0.9744639376218324,0.33171705664831846,1.4192140905754576e-52,1.0,1.0,1.0,1.0
wine,2,2,0.75,0.5,0.05,0.9046783625730994,0.20621091424226679,1.2016167389034726e-20,1.0,1.0,1.0,1.0
wine,2,3,0.75,0.5,0.05,0.9539961013645224,0.02836948430358009,0.20473226143612283,0.9555555555555556,0.9553571428571429,0.9607843137254902,0.9560682994822779
wine,3,1,0.75,0.5,0.05,0.8786549707602339,0.3569883821640266,3.561343933641459e-61,1.0,1.0,1.0,1.0
wine,3,2,0.75,0.5,0.05,0.9319688109161793,0.280422835048931,1.8519084286107999e-37,1.0,1.0,1.0,1.0
wine,3,3,0.75,0.5,0.05,0.9374269005847953,0.1429683472448797,1.3382446613294583e-10,0.9772727272727273,0.9777777777777779,0.9761904761904763,0.9761600681140911
wine,4,1,0.75,0.5,0.05,0.8737816764132553,-0.06722632044549712,0.0026299386100777956,0.8409090909090909,0.8248366013071896,0.8852813852813853,0.8390215148835839
wine,4,2,0.75,0.5,0.05,0.940448343079922,0.3746675552254827,1.1244971032611077e-67,0.8863636363636364,0.871345029239766,0.9155844155844156,0.8878297978382083
wine,4,3,0.75,0.5,0.05,0.8821637426900585,-0.051870934707638205,0.020348982211698497,0.8636363636363636,0.8472222222222222,0.9090909090909092,0.8584795321637427
wine,1,1,0.75,0.75,0.01,1.0043859649122808,-0.31805211945489753,3.0009941724072585e-48,0.9555555555555556,0.9576719576719577,0.9576719576719577,0.95679012345679
wine,1,2,0.75,0.75,0.01,1.020263157894737,-0.20354692046677922,3.798704575118675e-20,0.9777777777777777,0.9824561403508771,0.9761904761904763,0.9786453119786453
wine,1,3,0.75,0.75,0.01,1.0213450292397661,-0.14477605634113336,7.778027399126804e-11,0.9777777777777777,0.9824561403508771,0.9761904761904763,0.9786453119786453
wine,2,1,0.75,0.75,0.01,1.0366959064327483,0.23906902592354312,2.167085151720569e-27,0.9777777777777777,0.9761904761904763,0.9803921568627452,0.9775533108866442
wine,2,2,0.75,0.75,0.01,1.05,0.09567376780296437,1.820661247194291e-05,0.9777777777777777,0.9761904761904763,0.9803921568627452,0.9775533108866442
wine,2,3,0.75,0.75,0.01,1.0494152046783625,-0.15771388997107208,1.310413354201765e-12,0.9333333333333333,0.9326923076923078,0.9351432880844645,0.9333032558839012
wine,3,1,0.75,0.75,0.01,1.1156432748538012,-0.03997574490574746,0.07387828424489543,1.0,1.0,1.0,1.0
wine,3,2,0.75,0.75,0.01,1.0505847953216374,0.2078713785916934,5.816891687005012e-21,1.0,1.0,1.0,1.0
wine,3,3,0.75,0.75,0.01,1.0604678362573101,0.20303393209568152,4.732580640023679e-20,1.0,1.0,1.0,1.0
wine,4,1,0.75,0.75,0.01,1.060672514619883,-0.23412577149569733,2.629252629543699e-26,0.8636363636363636,0.8461279461279462,0.9004329004329005,0.862885662431942
wine,4,2,0.75,0.75,0.01,1.0461988304093568,0.1853790110201644,6.39208104334553e-17,0.9090909090909091,0.8916666666666666,0.9393939393939394,0.9074074074074074
wine,4,3,0.75,0.75,0.01,1.0260233918128656,0.6098831846605508,4.539633951027527e-204,0.8636363636363636,0.8472222222222222,0.9090909090909092,0.8584795321637427
wine,1,1,0.75,0.75,0.05,0.9859649122807017,-0.04767432702028021,0.0330117757533397,0.9555555555555556,0.9576719576719577,0.9576719576719577,0.9576719576719577
wine,1,2,0.75,0.75,0.05,1.0615497076023392,0.17848742163877052,8.847988562356906e-16,0.9555555555555556,0.9592592592592593,0.9558404558404558,0.9566538952745849
wine,1,3,0.75,0.75,0.05,1.038157894736842,0.016013864356017104,0.47413958663238276,1.0,1.0,1.0,1.0
wine,2,1,0.75,0.75,0.05,1.022953216374269,0.2581061139657635,8.429554662394794e-32,0.9777777777777777,0.9761904761904763,0.9803921568627452,0.9775533108866442
wine,2,2,0.75,0.75,0.05,0.9454887218045114,-0.021683882882049695,0.3324252493459745,0.9555555555555556,0.9553571428571429,0.9607843137254902,0.9560682994822779
wine,2,3,0.75,0.75,0.05,0.9624269005847953,-0.12367706597567452,2.875319301684686e-08,0.8888888888888888,0.8968253968253969,0.8959276018099548,0.8882154882154882
wine,3,1,0.75,0.75,0.05,1.0665204678362574,0.06609026347530181,0.0031061597536916874,1.0,1.0,1.0,1.0
wine,3,2,0.75,0.75,0.05,1.0178362573099415,0.35698254313155925,3.5784409176546e-61,1.0,1.0,1.0,1.0
wine,3,3,0.75,0.75,0.05,0.9849415204678362,0.0752197173196729,0.0007610233722510347,1.0,1.0,1.0,1.0
wine,4,1,0.75,0.75,0.05,0.9799707602339182,0.27172802945216973,3.434962982195262e-35,0.9090909090909091,0.9018518518518519,0.9307359307359307,0.9141633664960237
wine,4,2,0.75,0.75,0.05,1.0171052631578947,0.6577595911692669,3.4057984290652208e-248,0.9318181818181818,0.9111111111111111,0.9545454545454546,0.9270784661869608
wine,4,3,0.75,0.75,0.05,0.9399122807017544,0.20582016490815422,1.424030382591855e-20,0.9545454545454546,0.9407407407407407,0.9696969696969697,0.9530248881161659
