dataset,fold,rep,beta,gamma,delta,epsilon,fitness,spearman_corr,spearman_p,accuracy,precision,recall,f1
breast_cancer,1,1,0.25,0.25,0.01,0,0.2931828545371637,0.5055030067346886,3.3164318089576816e-130,0.9440559440559441,0.9404910528506034,0.9404910528506034,0.9404910528506034
breast_cancer,1,2,0.25,0.25,0.01,0,0.2872055023559812,0.06535812297315592,0.0034533876053246247,0.958041958041958,0.9553682896379525,0.9553682896379525,0.9553682896379525
breast_cancer,1,3,0.25,0.25,0.01,0,0.28959948320413437,0.450368662482607,1.7600073819704024e-100,0.965034965034965,0.9644654088050315,0.9609862671660424,0.9626690335717643
breast_cancer,2,1,0.25,0.25,0.01,0,0.2866887064903481,0.12322794207939913,3.228730390927009e-08,0.9436619718309859,0.9455882352941176,0.9216141001855287,0.9323809523809523
breast_cancer,2,2,0.25,0.25,0.01,0,0.28301033591731267,0.24962155071186495,8.667574425194166e-30,0.9647887323943662,0.9563573883161511,0.9619666048237476,0.9590895995390377
breast_cancer,2,3,0.25,0.25,0.01,0,0.28116355069159443,0.2487943243192944,1.3490983360802965e-29,0.9647887323943662,0.9615926708949964,0.9557050092764379,0.9585740124861427
breast_cancer,3,1,0.25,0.25,0.01,0,0.28517251861985105,-0.09214558556049733,3.673949324022588e-05,0.9507042253521126,0.9463949843260189,0.9494949494949495,0.9478899082568808
breast_cancer,3,2,0.25,0.25,0.01,0,0.28426812585499317,-0.2190146286220751,3.802521365865435e-23,0.9366197183098591,0.9341742633029468,0.930976430976431,0.9325201964200855
breast_cancer,3,3,0.25,0.25,0.01,0,0.2869813041495668,0.05736044502152003,0.010295420713402592,0.9436619718309859,0.9402356902356903,0.9402356902356903,0.9402356902356903
breast_cancer,4,1,0.25,0.25,0.01,0,0.2811369509043928,0.06416762557779705,0.004093979252242986,0.9366197183098591,0.9359812129875433,0.9339430894308942,0.9349121466768526
breast_cancer,4,2,0.25,0.25,0.01,0,0.284108527131783,0.32278440305028616,1.0107164587263252e-49,0.9366197183098591,0.9359812129875433,0.9339430894308942,0.9349121466768526
breast_cancer,4,3,0.25,0.25,0.01,0,0.26452728378172974,-0.13140242145826492,3.6701452550380208e-09,0.9436619718309859,0.944376026272578,0.940040650406504,0.9420053093730856
breast_cancer,1,1,0.25,0.25,0.05,0,0.28420352637178903,0.4556913533068207,4.0524135079007715e-103,0.9790209790209791,0.9761363636363636,0.9795047856845609,0.9777639558389053
breast_cancer,1,2,0.25,0.25,0.05,0,0.28081015351877187,0.07949577489859425,0.0003728803903263803,0.9440559440559441,0.938115763546798,0.9441323345817727,0.9409090909090909
breast_cancer,1,3,0.25,0.25,0.05,0,0.2844619243046056,0.28357419108829157,2.661210362559358e-38,0.965034965034965,0.9613636363636364,0.9646275488972118,0.9629399263981755
breast_cancer,2,1,0.25,0.25,0.05,0,0.2806201550387597,0.16115026510839575,4.174335417592981e-13,0.9436619718309859,0.9392857142857143,0.9278756957328386,0.9332863518910031
breast_cancer,2,2,0.25,0.25,0.05,0,0.2809051527587779,0.15802607235838248,1.1822872671100186e-12,0.9577464788732394,0.9561904761904761,0.9443413729128014,0.9499647639182522
breast_cancer,2,3,0.25,0.25,0.05,0,0.2800349597203223,0.07427154099350262,0.0008872366138633756,0.9507042253521126,0.9449142588677473,0.9392393320964749,0.9420036174805998
breast_cancer,3,1,0.25,0.25,0.05,0,0.28578431372549024,0.28381433568832637,2.293116201240957e-38,0.9507042253521126,0.9492262030951877,0.9459175084175084,0.9475157083267332
breast_cancer,3,2,0.25,0.25,0.05,0,0.28229974160206717,0.2160904438780916,1.4629502283495837e-22,0.9577464788732394,0.9585470085470086,0.9515993265993266,0.9548441806232775
breast_cancer,3,3,0.25,0.25,0.05,0,0.2844315245478036,0.4162890627952213,1.1575659006456802e-84,0.9507042253521126,0.9529196293902176,0.9423400673400674,0.9471135940409683
breast_cancer,4,1,0.25,0.25,0.05,0,0.2753799969600243,0.17983979253914745,5.326525286016111e-16,0.9507042253521126,0.9530443756449949,0.9461382113821137,0.9491273862531348
breast_cancer,4,2,0.25,0.25,0.05,0,0.27260221918224653,0.3985075780060783,4.169633531155136e-77,0.9295774647887324,0.9298029556650247,0.9256097560975609,0.9275066367163569
breast_cancer,4,3,0.25,0.25,0.05,0,0.2834587323301414,0.23352797320925017,3.5418436657919973e-26,0.9647887323943662,0.9649785583010007,0.9628048780487805,0.9638400814871404
breast_cancer,1,1,0.25,0.25,0.1,0,0.2707630338957288,0.02167449155985768,0.33263473665316856,0.958041958041958,0.9587912087912088,0.9517270079067832,0.9550314465408805
breast_cancer,1,2,0.25,0.25,0.1,0,0.2680802553579571,0.11621801237724587,1.8696933921181218e-07,0.951048951048951,0.946590909090909,0.9497503121098627,0.9481158969574457
breast_cancer,1,3,0.25,0.25,0.1,0,0.28022875816993464,0.42331963150416085,8.857267952541452e-88,0.972027972027972,0.9739010989010989,0.9666042446941323,0.970020964360587
breast_cancer,2,1,0.25,0.25,0.1,0,0.28507371941024473,0.1453834054141,6.471826689106701e-11,0.9577464788732394,0.9461050724637681,0.9568645640074211,0.9512027491408934
breast_cancer,2,2,0.25,0.25,0.1,0,0.2719562243502052,0.1275675316922351,1.0353735198005751e-08,0.9577464788732394,0.9506029684601113,0.9506029684601113,0.9506029684601113
breast_cancer,2,3,0.25,0.25,0.1,0,0.27935856513147894,-0.23026755539759688,1.7724916636645928e-25,0.9436619718309859,0.9531882591093117,0.9153525046382189,0.9314175319971021
breast_cancer,3,1,0.25,0.25,0.1,0,0.2822617419060648,0.02959138477617219,0.18589215575404291,0.9295774647887324,0.9252946127946129,0.9252946127946129,0.9252946127946129
breast_cancer,3,2,0.25,0.25,0.1,0,0.27266681866545067,0.10938500546376677,9.414024002095281e-07,0.9225352112676056,0.9223227752639518,0.9124579124579124,0.9168927906358074
breast_cancer,3,3,0.25,0.25,0.1,0,0.26753685970512237,0.052563602524136145,0.018729508214831353,0.9507042253521126,0.9529196293902176,0.9423400673400674,0.9471135940409683
breast_cancer,4,1,0.25,0.25,0.1,0,0.2707668338653291,-0.05910266865849814,0.008197853927705523,0.9366197183098591,0.9415882967607105,0.9294715447154471,0.93424234628248
breast_cancer,4,2,0.25,0.25,0.1,0,0.26740006079951356,0.26055687200429645,2.140463510111958e-32,0.9366197183098591,0.9415882967607105,0.9294715447154471,0.93424234628248
breast_cancer,4,3,0.25,0.25,0.1,0,0.2720588235294118,0.16344882260082727,1.9150750696206645e-13,0.9295774647887324,0.9325166112956811,0.9233739837398374,0.9271346469622332
breast_cancer,1,1,0.25,0.5,0.01,0,0.31424228606171156,0.13171318500202597,3.3698417368552036e-09,0.958041958041958,0.9553682896379525,0.9553682896379525,0.9553682896379525
breast_cancer,1,2,0.25,0.5,0.01,0,0.31071971424228606,0.40825422544171075,3.42760315322341e-81,0.958041958041958,0.9553682896379525,0.9553682896379525,0.9553682896379525
breast_cancer,1,3,0.25,0.5,0.01,0,0.3218004255965953,0.16561980591764194,9.079766111106013e-14,0.965034965034965,0.9590983272133823,0.9682688306283812,0.9631917631917633
breast_cancer,2,1,0.25,0.5,0.01,0,0.32897096823225414,-0.13369130164978726,1.948050200992915e-09,0.9084507042253521,0.8994204298478629,0.8835807050092765,0.8908660951817913
breast_cancer,2,2,0.25,0.5,0.01,0,0.3319045447636419,-0.11889130386415503,9.682711774383306e-08,0.9436619718309859,0.9392857142857143,0.9278756957328386,0.9332863518910031
breast_cancer,2,3,0.25,0.5,0.01,0,0.34818361453108376,0.09303304609398647,3.086304989628608e-05,0.9577464788732394,0.9425975177304965,0.963126159554731,0.9517663043478262
breast_cancer,3,1,0.25,0.5,0.01,0,0.30919592643258853,0.12717930095329985,1.1480637828841018e-08,0.9647887323943662,0.9642781428874285,0.9608585858585859,0.9625112202333809
breast_cancer,3,2,0.25,0.5,0.01,0,0.3116849065207478,0.23035541215592922,1.6977753003226864e-25,0.9436619718309859,0.9433760683760684,0.9366582491582491,0.9397922408310366
breast_cancer,3,3,0.25,0.5,0.01,0,0.30897552819577445,-0.11246806863404017,4.592813743958712e-07,0.9366197183098591,0.9341742633029468,0.930976430976431,0.9325201964200855
breast_cancer,4,1,0.25,0.5,0.01,0,0.33232634138926886,-0.049141462324231264,0.027975711161103964,0.9366197183098591,0.938390092879257,0.9317073170731707,0.9345923537540304
breast_cancer,4,2,0.25,0.5,0.01,0,0.31717586259309927,0.2706755251688722,6.381632814201618e-35,0.9436619718309859,0.9472591362126246,0.9378048780487804,0.9417077175697866
breast_cancer,4,3,0.25,0.5,0.01,0,0.3125246998024016,0.06815752401320317,0.00229040819885498,0.9084507042253521,0.9155183379266483,0.8983739837398375,0.904466180199762
breast_cancer,1,1,0.25,0.5,0.05,0,0.3459948320413437,0.504179104891546,1.9958158368169216e-129,0.9790209790209791,0.9794549266247379,0.9758635039533916,0.9776014201430585
breast_cancer,1,2,0.25,0.5,0.05,0,0.3265161878704971,-0.18618716593705348,4.665154521871485e-17,0.951048951048951,0.946590909090909,0.9497503121098627,0.9481158969574457
breast_cancer,1,3,0.25,0.5,0.05,0,0.31453488372093025,0.1487147408644531,2.3288022741189452e-11,0.951048951048951,0.946590909090909,0.9497503121098627,0.9481158969574457
breast_cancer,2,1,0.25,0.5,0.05,0,0.3135658914728683,-0.08340307539161766,0.00018840695967563178,0.9507042253521126,0.9449142588677473,0.9392393320964749,0.9420036174805998
breast_cancer,2,2,0.25,0.5,0.05,0,0.3458618331053352,-0.48059504431892425,4.2220820312639854e-116,0.9507042253521126,0.9508572808500362,0.9329777365491652,0.9412355897132723
breast_cancer,2,3,0.25,0.5,0.05,0,0.3037695698434413,0.19029423299384096,9.207544257444647e-18,0.9647887323943662,0.9680028978507607,0.949443413729128,0.9580254212237659
breast_cancer,3,1,0.25,0.5,0.05,0,0.3080027359781122,0.03864892866143886,0.08398864449156497,0.9436619718309859,0.9473913043478261,0.9330808080808081,0.9393162393162393
breast_cancer,3,2,0.25,0.5,0.05,0,0.33071135430916554,-0.19244999016597217,3.870688839949778e-18,0.9436619718309859,0.9402356902356903,0.9402356902356903,0.9402356902356903
breast_cancer,3,3,0.25,0.5,0.05,0,0.3201854385164919,0.07808380728003095,0.00047376310700223106,0.9647887323943662,0.9642781428874285,0.9608585858585859,0.9625112202333809
breast_cancer,4,1,0.25,0.5,0.05,0,0.32728758169934646,0.601560673891082,3.7377821867599006e-197,0.9577464788732394,0.9620016611295681,0.9522357723577235,0.9562807881773399
breast_cancer,4,2,0.25,0.5,0.05,0,0.3514515883872929,0.10091556730427054,6.131389039175839e-06,0.9577464788732394,0.9589490968801313,0.9544715447154472,0.9565039820298142
breast_cancer,4,3,0.25,0.5,0.05,0,0.32580559355525157,-0.2900022136527189,4.703876709874463e-40,0.9154929577464789,0.9210858585858586,0.9067073170731708,0.9120743034055727
breast_cancer,1,1,0.25,0.5,0.1,0,0.299578203374373,-0.21119733122494727,1.3349343916588913e-21,0.9440559440559441,0.938115763546798,0.9441323345817727,0.9409090909090909
breast_cancer,1,2,0.25,0.5,0.1,0,0.29954400364797085,-0.05787175096119463,0.009635157171658157,0.951048951048951,0.946590909090909,0.9497503121098627,0.9481158969574457
breast_cancer,1,3,0.25,0.5,0.1,0,0.2992514059887521,-0.02650845686720679,0.23603274750422543,0.951048951048951,0.9445124439004488,0.953391593841032,0.9484684684684684
breast_cancer,2,1,0.25,0.5,0.1,0,0.33684830521355835,0.16249322368771277,2.651341470048374e-13,0.9295774647887324,0.9111258865248226,0.9301948051948052,0.9196105072463767
breast_cancer,2,2,0.25,0.5,0.1,0,0.33623651010791916,-0.10837859083574097,1.1850358234459121e-06,0.9577464788732394,0.9506029684601113,0.9506029684601113,0.9506029684601113
breast_cancer,2,3,0.25,0.5,0.1,0,0.3176926584587323,0.40722861854121384,9.360500889815984e-81,0.9507042253521126,0.9362821948488242,0.9517625231910947,0.9434037465125549
breast_cancer,3,1,0.25,0.5,0.1,0,0.32047803617571063,-0.03356979542681713,0.13341472676017446,0.9647887323943662,0.9682180564533506,0.9572811447811448,0.9622239957435488
breast_cancer,3,2,0.25,0.5,0.1,0,0.3117229062167503,0.21793996863385806,6.253286558607808e-23,0.9507042253521126,0.9529196293902176,0.9423400673400674,0.9471135940409683
breast_cancer,3,3,0.25,0.5,0.1,0,0.29667122663018697,0.012328862132766764,0.5816064488565611,0.9436619718309859,0.9379152823920266,0.9438131313131313,0.9406478578892372
breast_cancer,4,1,0.25,0.5,0.1,0,0.29198586411308713,0.11330226303008423,3.769785127073289e-07,0.9366197183098591,0.9415882967607105,0.9294715447154471,0.93424234628248
breast_cancer,4,2,0.25,0.5,0.1,0,0.3062623499012008,-0.023579085708437024,0.2918938822619906,0.9225352112676056,0.9267502612330198,0.9150406504065041,0.9196295343452534
breast_cancer,4,3,0.25,0.5,0.1,0,0.3161422708618331,0.5424974595617528,1.932059869079907e-153,0.9577464788732394,0.9659090909090908,0.95,0.9560371517027864
breast_cancer,1,1,0.25,0.75,0.01,0,0.3473172214622283,-0.11593847596073442,2.0011994314469888e-07,0.9370629370629371,0.9299265605875153,0.9385143570536829,0.9337451737451739
breast_cancer,1,2,0.25,0.75,0.01,0,0.37719258245934034,0.5362976124657175,2.4189053717163172e-149,0.951048951048951,0.9494758909853249,0.9461090303786933,0.9477366470004699
breast_cancer,1,3,0.25,0.75,0.01,0,0.4111377108983128,0.07448068742152983,0.0008578353724625035,0.965034965034965,0.9613636363636364,0.9646275488972118,0.9629399263981755
breast_cancer,2,1,0.25,0.75,0.01,0,0.4283173734610123,0.26514671396813827,1.5793082194096987e-33,0.9647887323943662,0.9680028978507607,0.949443413729128,0.9580254212237659
breast_cancer,2,2,0.25,0.75,0.01,0,0.3716028271773826,0.10042291922774939,6.807498224921334e-06,0.9366197183098591,0.9403783918347025,0.9102504638218925,0.923395072828628
breast_cancer,2,3,0.25,0.75,0.01,0,0.40390636874904995,0.016125813496060105,0.47105453975625966,0.9436619718309859,0.9341372912801484,0.9341372912801484,0.9341372912801484
breast_cancer,3,1,0.25,0.75,0.01,0,0.3851383188934489,0.39470302518082306,1.5064153451275232e-75,0.9647887323943662,0.9682180564533506,0.9572811447811448,0.9622239957435488
breast_cancer,3,2,0.25,0.75,0.01,0,0.37742058063535494,0.3196507330204906,9.610772875866037e-49,0.971830985915493,0.9737179487179487,0.966540404040404,0.9698961204155183
breast_cancer,3,3,0.25,0.75,0.01,0,0.3582345341237271,-0.4517493699075248,3.679277230429945e-101,0.9154929577464789,0.9072249589490968,0.9175084175084175,0.9115448504983389
breast_cancer,4,1,0.25,0.75,0.01,0,0.393859249126007,0.4282998574138315,4.949763398801784e-90,0.9366197183098591,0.9415882967607105,0.9294715447154471,0.93424234628248
breast_cancer,4,2,0.25,0.75,0.01,0,0.42347621219030246,0.39837492950479475,4.728872404425159e-77,0.9225352112676056,0.9214825403308148,0.9195121951219511,0.9204481792717087
breast_cancer,4,3,0.25,0.75,0.01,0,0.3586525307797538,0.2147067960512782,2.748884260989098e-22,0.9295774647887324,0.9325166112956811,0.9233739837398374,0.9271346469622332
breast_cancer,1,1,0.25,0.75,0.05,0,0.3614569083447332,-0.5212688711771618,9.317403615180035e-140,0.9370629370629371,0.9299265605875153,0.9385143570536829,0.9337451737451739
breast_cancer,1,2,0.25,0.75,0.05,0,0.34805441556467553,0.40790513698334013,4.82691472105929e-81,0.9440559440559441,0.9404910528506034,0.9404910528506034,0.9404910528506034
breast_cancer,1,3,0.25,0.75,0.05,0,0.3798715610275118,0.2877043204446141,2.0149035597987616e-39,0.958041958041958,0.9587912087912088,0.9517270079067832,0.9550314465408805
breast_cancer,2,1,0.25,0.75,0.05,0,0.32076303389572886,0.0570698995233994,0.010688277781715003,0.9436619718309859,0.9392857142857143,0.9278756957328386,0.9332863518910031
breast_cancer,2,2,0.25,0.75,0.05,0,0.33500911992704063,0.24036999287215385,1.1128734757990323e-27,0.9647887323943662,0.9680028978507607,0.949443413729128,0.9580254212237659
breast_cancer,2,3,0.25,0.75,0.05,0,0.3415336677306582,-0.02517523230122291,0.26044282830684046,0.9366197183098591,0.9238258877434136,0.929035250463822,0.926361279170268
breast_cancer,3,1,0.25,0.75,0.05,0,0.33442772457820336,0.15233957404480117,7.458558398577782e-12,0.9507042253521126,0.9529196293902176,0.9423400673400674,0.9471135940409683
breast_cancer,3,2,0.25,0.75,0.05,0,0.3433690530475756,0.08403599164938619,0.00016821589709373433,0.9507042253521126,0.9529196293902176,0.9423400673400674,0.9471135940409683
breast_cancer,3,3,0.25,0.75,0.05,0,0.3594543243654051,0.006275475504393691,0.7791130244618835,0.9507042253521126,0.9463949843260189,0.9494949494949495,0.9478899082568808
breast_cancer,4,1,0.25,0.75,0.05,0,0.34418224654202767,-0.24736461506349416,2.887053775046163e-29,0.9295774647887324,0.9278455284552845,0.9278455284552845,0.9278455284552845
breast_cancer,4,2,0.25,0.75,0.05,0,0.33152074783401736,0.029224600119752548,0.19140780002841642,0.9225352112676056,0.9214825403308148,0.9195121951219511,0.9204481792717087
breast_cancer,4,3,0.25,0.75,0.05,0,0.33911308709530325,-0.4137524835628174,1.4782391724904062e-83,0.9295774647887324,0.9298029556650247,0.9256097560975609,0.9275066367163569
breast_cancer,1,1,0.25,0.75,0.1,0,0.36298069615443074,0.00023834336559420255,0.9915007946443057,0.965034965034965,0.9644654088050315,0.9609862671660424,0.9626690335717643
breast_cancer,1,2,0.25,0.75,0.1,0,0.4031615747074023,0.00011930451736822151,0.9957456002538551,0.965034965034965,0.9613636363636364,0.9646275488972118,0.9629399263981755
breast_cancer,1,3,0.25,0.75,0.1,0,0.38710670314637485,0.2771460018799161,1.3556636774092361e-36,0.9440559440559441,0.9436813186813187,0.9368497711194341,0.9400419287211741
breast_cancer,2,1,0.25,0.75,0.1,0,0.371796625626995,0.3493933374436353,1.6608725963585913e-58,0.971830985915493,0.973095238095238,0.9608070500927643,0.9666431759455015
breast_cancer,2,2,0.25,0.75,0.1,0,0.3816499468004255,0.09613605445332223,1.657641379931529e-05,0.9647887323943662,0.9563573883161511,0.9619666048237476,0.9590895995390377
breast_cancer,2,3,0.25,0.75,0.1,0,0.3817145462836298,0.16038629815533237,5.394862919964349e-13,0.9577464788732394,0.9561904761904761,0.9443413729128014,0.9499647639182522
breast_cancer,3,1,0.25,0.75,0.1,0,0.3465078279373765,0.08189323980825754,0.00024613655776550527,0.9154929577464789,0.9067073170731708,0.9210858585858586,0.9120743034055727
breast_cancer,3,2,0.25,0.75,0.1,0,0.3707288341693266,0.11892135460207559,9.610564498372358e-08,0.9436619718309859,0.9402356902356903,0.9402356902356903,0.9402356902356903
breast_cancer,3,3,0.25,0.75,0.1,0,0.3540013679890561,0.16824251246383454,3.636543530388222e-14,0.9507042253521126,0.9463949843260189,0.9494949494949495,0.9478899082568808
breast_cancer,4,1,0.25,0.75,0.1,0,0.39498404012767896,0.5757866062585264,5.592282556185882e-177,0.9436619718309859,0.9472591362126246,0.9378048780487804,0.9417077175697866
breast_cancer,4,2,0.25,0.75,0.1,0,0.3494338045295638,-0.011593580136995085,0.6043369183584918,0.9436619718309859,0.9472591362126246,0.9378048780487804,0.9417077175697866
breast_cancer,4,3,0.25,0.75,0.1,0,0.3405608755129959,0.15849643730173169,1.0121069180043196e-12,0.9436619718309859,0.9472591362126246,0.9378048780487804,0.9417077175697866
breast_cancer,1,1,0.5,0.25,0.01,0,0.525968992248062,0.01999371756863308,0.3714949726097163,0.965034965034965,0.9644654088050315,0.9609862671660424,0.9626690335717643
breast_cancer,1,2,0.5,0.25,0.01,0,0.5181486548107616,0.4964789547596984,5.836847810633462e-125,0.972027972027972,0.9739010989010989,0.9666042446941323,0.970020964360587
breast_cancer,1,3,0.5,0.25,0.01,0,0.5264211886304909,0.17564875572151337,2.5343531192698462e-15,0.972027972027972,0.9739010989010989,0.9666042446941323,0.970020964360587
breast_cancer,2,1,0.5,0.25,0.01,0,0.52124943000456,0.057242221599805555,0.010453698209810857,0.9507042253521126,0.9449142588677473,0.9392393320964749,0.9420036174805998
breast_cancer,2,2,0.5,0.25,0.01,0,0.5341693266453869,0.01398956761195946,0.531792589109432,0.9366197183098591,0.9337116638493117,0.9165120593692022,0.9244457582027786
breast_cancer,2,3,0.5,0.25,0.01,0,0.5167920656634747,0.05827062346400694,0.009146555847285392,0.9366197183098591,0.928235846840498,0.922773654916512,0.9254332224750569
breast_cancer,3,1,0.5,0.25,0.01,0,0.5414082687338502,0.03210141132839789,0.15126114494681836,0.9225352112676056,0.9141311006738819,0.9267676767676767,0.9191636909382601
breast_cancer,3,2,0.5,0.25,0.01,0,0.5294573643410853,0.13011277593741122,5.219344249267005e-09,0.9577464788732394,0.9551767676767677,0.9551767676767677,0.9551767676767677
breast_cancer,3,3,0.5,0.25,0.01,0,0.5355943152454781,0.15311127319447457,5.832244711735556e-12,0.9507042253521126,0.9492262030951877,0.9459175084175084,0.9475157083267332
breast_cancer,4,1,0.5,0.25,0.01,0,0.5214432284541723,0.38510950000141914,1.038424476488501e-71,0.9577464788732394,0.9589490968801313,0.9544715447154472,0.9565039820298142
breast_cancer,4,2,0.5,0.25,0.01,0,0.5215686274509804,-0.17011654147552924,1.8742114639047298e-14,0.9436619718309859,0.9509680134680134,0.9355691056910569,0.9413828689370485
breast_cancer,4,3,0.5,0.25,0.01,0,0.5302325581395348,0.08161635347289009,0.0002583782820918965,0.9366197183098591,0.938390092879257,0.9317073170731707,0.9345923537540304
breast_cancer,1,1,0.5,0.25,0.05,0,0.5217700258397933,-0.4186617642014272,1.0474980899389499e-85,0.9370629370629371,0.9299265605875153,0.9385143570536829,0.9337451737451739
breast_cancer,1,2,0.5,0.25,0.05,0,0.5330103359173126,0.041412122287806885,0.06407712138246459,0.951048951048951,0.9494758909853249,0.9461090303786933,0.9477366470004699
breast_cancer,1,3,0.5,0.25,0.05,0,0.5339147286821705,-0.15253791245506176,7.0024937722509405e-12,0.951048951048951,0.946590909090909,0.9497503121098627,0.9481158969574457
breast_cancer,2,1,0.5,0.25,0.05,0,0.5028993768049855,0.0526361041328909,0.018566694398668697,0.9436619718309859,0.9300271739130435,0.9403988868274582,0.9349369988545246
breast_cancer,2,2,0.5,0.25,0.05,0,0.528093175254598,-0.23921957435012522,2.0066507722248614e-27,0.9295774647887324,0.9223809523809523,0.9114100185528757,0.9166079398637539
breast_cancer,2,3,0.5,0.25,0.05,0,0.5308101535187719,0.11655557689611755,1.7219918848660556e-07,0.9436619718309859,0.9341372912801484,0.9341372912801484,0.9341372912801484
breast_cancer,3,1,0.5,0.25,0.05,0,0.5277131782945736,0.12555288984094223,1.7639275103989694e-08,0.9436619718309859,0.9433760683760684,0.9366582491582491,0.9397922408310366
breast_cancer,3,2,0.5,0.25,0.05,0,0.523578811369509,-0.08868581540741592,7.142206201025329e-05,0.9295774647887324,0.9231727574750831,0.9288720538720538,0.9258098223615465
breast_cancer,3,3,0.5,0.25,0.05,0,0.5481266149870802,0.19649841687101702,7.395150646941088e-19,0.9577464788732394,0.9585470085470086,0.9515993265993266,0.9548441806232775
breast_cancer,4,1,0.5,0.25,0.05,0,0.5323643410852713,0.38467535719493673,1.5384074419802892e-71,0.9577464788732394,0.9620016611295681,0.9522357723577235,0.9562807881773399
breast_cancer,4,2,0.5,0.25,0.05,0,0.5115595075239399,-0.052100095729192705,0.01980017957791133,0.9084507042253521,0.9119122257053291,0.900609756097561,0.9050167224080268
breast_cancer,4,3,0.5,0.25,0.05,0,0.5127868977048183,0.1149106636896466,2.5659126717380474e-07,0.9436619718309859,0.9472591362126246,0.9378048780487804,0.9417077175697866
breast_cancer,1,1,0.5,0.25,0.1,0,0.5239018087855297,0.08127735768953803,0.00027414279988464594,0.958041958041958,0.9527914614121511,0.9590095713691219,0.9556818181818182
breast_cancer,1,2,0.5,0.25,0.1,0,0.527515579875361,0.10422839414104022,2.9966632257229315e-06,0.958041958041958,0.9553682896379525,0.9553682896379525,0.9553682896379525
breast_cancer,1,3,0.5,0.25,0.1,0,0.5118103055175558,0.13937885570194147,3.8524347140526184e-10,0.958041958041958,0.9553682896379525,0.9553682896379525,0.9553682896379525
breast_cancer,2,1,0.5,0.25,0.1,0,0.5230582155342758,0.05107521243274892,0.022358849932228163,0.9436619718309859,0.9341372912801484,0.9341372912801484,0.9341372912801484
breast_cancer,2,2,0.5,0.25,0.1,0,0.5196344429244566,0.061673214884153976,0.005797635923519066,0.9577464788732394,0.9561904761904761,0.9443413729128014,0.9499647639182522
breast_cancer,2,3,0.5,0.25,0.1,0,0.5083219334245326,0.09432870804412467,2.3862827451658115e-05,0.9577464788732394,0.9629901960784313,0.9380797773654916,0.9492857142857143
breast_cancer,3,1,0.5,0.25,0.1,0,0.5030893752849978,0.003973119566172776,0.8590583889422765,0.9507042253521126,0.9529196293902176,0.9423400673400674,0.9471135940409683
breast_cancer,3,2,0.5,0.25,0.1,0,0.5124639002887977,0.00563505694996534,0.8011555724605445,0.9295774647887324,0.9282051282051282,0.9217171717171717,0.9247403010387958
breast_cancer,3,3,0.5,0.25,0.1,0,0.5277093783249734,0.20300588258733443,4.78972300267835e-20,0.9577464788732394,0.9585470085470086,0.9515993265993266,0.9548441806232775
breast_cancer,4,1,0.5,0.25,0.1,0,0.512452500379997,0.32240704324766734,1.3274983539426756e-49,0.971830985915493,0.9735221674876847,0.9689024390243902,0.9710026546865428
breast_cancer,4,2,0.5,0.25,0.1,0,0.5102675178598571,0.08414834344146015,0.00016485145386832724,0.9366197183098591,0.9415882967607105,0.9294715447154471,0.93424234628248
breast_cancer,4,3,0.5,0.25,0.1,0,0.5247416020671835,0.12142498561780649,5.1208816212902763e-08,0.9366197183098591,0.9343250354179315,0.9361788617886179,0.9352025553921817
breast_cancer,1,1,0.5,0.5,0.01,0,0.5388052895576836,0.18551413808912956,6.064792393170247e-17,0.9440559440559441,0.9404910528506034,0.9404910528506034,0.9404910528506034
breast_cancer,1,2,0.5,0.5,0.01,0,0.5692506459948321,0.05233225162447433,0.01925741721864197,0.972027972027972,0.9739010989010989,0.9666042446941323,0.970020964360587
breast_cancer,1,3,0.5,0.5,0.01,0,0.5450220398236815,0.3125127183647332,1.4708119181357376e-46,0.951048951048951,0.946590909090909,0.9497503121098627,0.9481158969574457
breast_cancer,2,1,0.5,0.5,0.01,0,0.5625322997416021,-0.2245656426416016,2.7914545929863553e-24,0.9295774647887324,0.9223809523809523,0.9114100185528757,0.9166079398637539
breast_cancer,2,2,0.5,0.5,0.01,0,0.5794497644018848,-0.010242751959906682,0.647099422717517,0.9577464788732394,0.9506029684601113,0.9506029684601113,0.9506029684601113
breast_cancer,2,3,0.5,0.5,0.01,0,0.532672138622891,-0.028173085333266987,0.20788554190050418,0.9295774647887324,0.9352226720647774,0.898886827458256,0.9142719149963776
breast_cancer,3,1,0.5,0.5,0.01,0,0.5557379540963672,-0.0686584246165223,0.002124843138696859,0.9366197183098591,0.9376212023270847,0.9273989898989898,0.9320031923383878
breast_cancer,3,2,0.5,0.5,0.01,0,0.5441784465724274,0.20092787399236875,1.15967104115797e-19,0.9436619718309859,0.9473913043478261,0.9330808080808081,0.9393162393162393
breast_cancer,3,3,0.5,0.5,0.01,0,0.5617571059431524,0.1401964929593749,3.0349948428157324e-10,0.9507042253521126,0.9463949843260189,0.9494949494949495,0.9478899082568808
breast_cancer,4,1,0.5,0.5,0.01,0,0.5552895576835385,0.09572668194145294,1.8012558628471412e-05,0.9154929577464789,0.9252136752136753,0.9044715447154472,0.9115448504983389
breast_cancer,4,2,0.5,0.5,0.01,0,0.5884328925368597,-0.0254542910360133,0.2551943257418748,0.9366197183098591,0.9359812129875433,0.9339430894308942,0.9349121466768526
breast_cancer,4,3,0.5,0.5,0.01,0,0.5775041799665602,0.5344186671414515,4.0612342321035374e-148,0.9647887323943662,0.9649785583010007,0.9628048780487805,0.9638400814871404
breast_cancer,1,1,0.5,0.5,0.05,0,0.5496048031615748,0.07556693122010559,0.0007191306762614814,0.965034965034965,0.9644654088050315,0.9609862671660424,0.9626690335717643
breast_cancer,1,2,0.5,0.5,0.05,0,0.58578051375589,0.17327276890907312,6.033614919697254e-15,0.9440559440559441,0.938115763546798,0.9441323345817727,0.9409090909090909
breast_cancer,1,3,0.5,0.5,0.05,0,0.5677002583979328,0.25178549462992295,2.7032640254398324e-30,0.958041958041958,0.9527914614121511,0.9590095713691219,0.9556818181818182
breast_cancer,2,1,0.5,0.5,0.05,0,0.5409484724122207,0.288121809150755,1.548474949745198e-39,0.9577464788732394,0.9506029684601113,0.9506029684601113,0.9506029684601113
breast_cancer,2,2,0.5,0.5,0.05,0,0.5602067183462532,0.3220638665398639,1.700458225923112e-49,0.9647887323943662,0.9521836506159014,0.9682282003710575,0.9595741046518249
breast_cancer,2,3,0.5,0.5,0.05,0,0.5571667426660587,0.246472592337196,4.629451805693309e-29,0.9577464788732394,0.9461050724637681,0.9568645640074211,0.9512027491408934
breast_cancer,3,1,0.5,0.5,0.05,0,0.5554871561027512,0.611638413548838,1.4862901350887656e-205,0.9436619718309859,0.9402356902356903,0.9402356902356903,0.9402356902356903
breast_cancer,3,2,0.5,0.5,0.05,0,0.5688554491564068,0.10518695886721195,2.42607747434812e-06,0.9577464788732394,0.9585470085470086,0.9515993265993266,0.9548441806232775
breast_cancer,3,3,0.5,0.5,0.05,0,0.5448244414044688,0.06751119711718098,0.0025214805743514735,0.9436619718309859,0.9433760683760684,0.9366582491582491,0.9397922408310366
breast_cancer,4,1,0.5,0.5,0.05,0,0.5589679282565739,0.24946764930706386,9.412377771549119e-30,0.9225352112676056,0.9237358101135191,0.9172764227642276,0.9200573212549261
breast_cancer,4,2,0.5,0.5,0.05,0,0.5395804833561332,0.09177931107612824,3.9461931025023644e-05,0.9366197183098591,0.9415882967607105,0.9294715447154471,0.93424234628248
breast_cancer,4,3,0.5,0.5,0.05,0,0.5562623499012007,0.22492403015395734,2.352566609393809e-24,0.9436619718309859,0.944376026272578,0.940040650406504,0.9420053093730856
breast_cancer,1,1,0.5,0.5,0.1,0,0.5528347773217814,0.08280541202326566,0.00020954413342160746,0.958041958041958,0.9527914614121511,0.9590095713691219,0.9556818181818182
breast_cancer,1,2,0.5,0.5,0.1,0,0.5451512387900898,0.040416909316430265,0.07074552046078703,0.951048951048951,0.946590909090909,0.9497503121098627,0.9481158969574457
breast_cancer,1,3,0.5,0.5,0.1,0,0.5615595075239399,0.11746605373453052,1.3776430096747467e-07,0.958041958041958,0.9553682896379525,0.9553682896379525,0.9553682896379525
breast_cancer,2,1,0.5,0.5,0.1,0,0.5559355525155798,0.07362915832669245,0.000983478798912372,0.9436619718309859,0.9455882352941176,0.9216141001855287,0.9323809523809523
breast_cancer,2,2,0.5,0.5,0.1,0,0.5430156558747531,0.23639118173310664,8.436638012701731e-27,0.9295774647887324,0.9176716141001855,0.9176716141001855,0.9176716141001855
breast_cancer,2,3,0.5,0.5,0.1,0,0.5413892688858488,-0.07492897714882174,0.0007978323155284068,0.9507042253521126,0.9580532735872542,0.9267161410018553,0.9404183899778218
breast_cancer,3,1,0.5,0.5,0.1,0,0.5607767137862897,0.5490784639566234,6.944987382806996e-158,0.9225352112676056,0.9141311006738819,0.9267676767676767,0.9191636909382601
breast_cancer,3,2,0.5,0.5,0.1,0,0.550060799513604,0.318923152505253,1.6150960590454657e-48,0.9507042253521126,0.9463949843260189,0.9494949494949495,0.9478899082568808
breast_cancer,3,3,0.5,0.5,0.1,0,0.5455388356893145,-0.003244993926429019,0.8846870312631111,0.9577464788732394,0.9585470085470086,0.9515993265993266,0.9548441806232775
breast_cancer,4,1,0.5,0.5,0.1,0,0.522921416628667,0.06866280856681932,0.0021234437884147493,0.9366197183098591,0.9415882967607105,0.9294715447154471,0.93424234628248
breast_cancer,4,2,0.5,0.5,0.1,0,0.573704210366317,0.2233999710153598,4.8592291830868116e-24,0.9577464788732394,0.9620016611295681,0.9522357723577235,0.9562807881773399
breast_cancer,4,3,0.5,0.5,0.1,0,0.5367533059735523,0.02521645588921978,0.259662836769033,0.9225352112676056,0.9305702777188891,0.9128048780487805,0.9191636909382601
breast_cancer,1,1,0.5,0.75,0.01,0,0.6536821705426357,0.3219091779316858,1.9010379307913675e-49,0.965034965034965,0.9644654088050315,0.9609862671660424,0.9626690335717643
breast_cancer,1,2,0.5,0.75,0.01,0,0.6169174646602827,-0.1565792921483421,1.9013336390472292e-12,0.951048951048951,0.946590909090909,0.9497503121098627,0.9481158969574457
breast_cancer,1,3,0.5,0.75,0.01,0,0.6381782945736434,0.02489133854153783,0.2658583698983099,0.965034965034965,0.9576271186440678,0.9719101123595506,0.9634252391426672
breast_cancer,2,1,0.5,0.75,0.01,0,0.6086487308101535,-0.048473874989067293,0.030178730396722638,0.9507042253521126,0.9362821948488242,0.9517625231910947,0.9434037465125549
breast_cancer,2,2,0.5,0.75,0.01,0,0.6228682170542635,0.17120065450179525,1.2728925354251292e-14,0.9647887323943662,0.9563573883161511,0.9619666048237476,0.9590895995390377
breast_cancer,2,3,0.5,0.75,0.01,0,0.6212456300349598,0.12986413378727057,5.583810926983523e-09,0.9436619718309859,0.9455882352941176,0.9216141001855287,0.9323809523809523
breast_cancer,3,1,0.5,0.75,0.01,0,0.638953488372093,-0.46654778267825175,1.2029992743189023e-108,0.9507042253521126,0.9463949843260189,0.9494949494949495,0.9478899082568808
breast_cancer,3,2,0.5,0.75,0.01,0,0.5977314181486549,0.08105594286804299,0.00028492094341632247,0.9295774647887324,0.9252946127946129,0.9252946127946129,0.9252946127946129
breast_cancer,3,3,0.5,0.75,0.01,0,0.5941860465116279,-0.015046593883505838,0.5012517461616144,0.9507042253521126,0.9492262030951877,0.9459175084175084,0.9475157083267332
breast_cancer,4,1,0.5,0.75,0.01,0,0.6370687034503724,-0.017028313167663716,0.4465923216428134,0.9366197183098591,0.9359812129875433,0.9339430894308942,0.9349121466768526
breast_cancer,4,2,0.5,0.75,0.01,0,0.5829343365253079,-0.13823713963390785,5.362403125231663e-10,0.9436619718309859,0.944376026272578,0.940040650406504,0.9420053093730856
breast_cancer,4,3,0.5,0.75,0.01,0,0.6038075695394437,0.4185970698559089,1.118700943819354e-85,0.9366197183098591,0.9415882967607105,0.9294715447154471,0.93424234628248
breast_cancer,1,1,0.5,0.75,0.05,0,0.6409484724122207,-0.20222707614466376,6.679263891341488e-20,0.9370629370629371,0.928773204196933,0.9421556387848522,0.9341654304568008
breast_cancer,1,2,0.5,0.75,0.05,0,0.5973476212190302,-0.19048830665642716,8.520095324549768e-18,0.958041958041958,0.9553682896379525,0.9553682896379525,0.9553682896379525
breast_cancer,1,3,0.5,0.75,0.05,0,0.6454742362061103,0.2537481224794669,9.305116901056934e-31,0.9440559440559441,0.9356425702811244,0.9514148980441115,0.9416564667482661
breast_cancer,2,1,0.5,0.75,0.05,0,0.5873347013223895,0.04111134094086271,0.06603548142396873,0.971830985915493,0.9621829710144928,0.9733302411873841,0.9674684994272623
breast_cancer,2,2,0.5,0.75,0.05,0,0.5996124031007752,0.5129907499468099,1.1142484285706612e-134,0.9788732394366197,0.9782710829222456,0.9721706864564008,0.9751444074916856
breast_cancer,2,3,0.5,0.75,0.05,0,0.5937300501595988,0.36189516129377397,6.141226203363161e-63,0.971830985915493,0.9670686456400742,0.9670686456400742,0.9670686456400742
breast_cancer,3,1,0.5,0.75,0.05,0,0.652063383492932,0.038221811042541236,0.08747185739196418,0.9577464788732394,0.9551767676767677,0.9551767676767677,0.9551767676767677
breast_cancer,3,2,0.5,0.75,0.05,0,0.5823529411764706,0.11035671345380556,7.523673891558648e-07,0.9366197183098591,0.9315569487983281,0.9345538720538721,0.9330013106159896
breast_cancer,3,3,0.5,0.75,0.05,0,0.6016073871409029,0.006128646526241288,0.7841517677069705,0.9647887323943662,0.9642781428874285,0.9608585858585859,0.9625112202333809
breast_cancer,4,1,0.5,0.75,0.05,0,0.5879160966712267,0.30177552256448653,2.1998989561584697e-43,0.9507042253521126,0.9530443756449949,0.9461382113821137,0.9491273862531348
breast_cancer,4,2,0.5,0.75,0.05,0,0.564405684754522,0.0861596739886383,0.00011434458146213563,0.9577464788732394,0.9589490968801313,0.9544715447154472,0.9565039820298142
breast_cancer,4,3,0.5,0.75,0.05,0,0.575577595379237,0.13164885802275914,3.4299731268118474e-09,0.9436619718309859,0.944376026272578,0.940040650406504,0.9420053093730856
breast_cancer,1,1,0.5,0.75,0.1,0,0.5656178750569996,0.03480669490400341,0.1196840644900451,0.9440559440559441,0.9365111561866126,0.9477736163129421,0.9412972085385878
breast_cancer,1,2,0.5,0.75,0.1,0,0.5792445660434716,0.10152844363388357,5.379622817250527e-06,0.9370629370629371,0.9318181818181819,0.9348730753225135,0.9332918675167159
breast_cancer,1,3,0.5,0.75,0.1,0,0.5850661194710443,0.08987355610824764,5.6999056167304614e-05,0.965034965034965,0.9644654088050315,0.9609862671660424,0.9626690335717643
breast_cancer,2,1,0.5,0.75,0.1,0,0.5687908496732026,0.16441115213310414,1.377388574005796e-13,0.9436619718309859,0.9392857142857143,0.9278756957328386,0.9332863518910031
breast_cancer,2,2,0.5,0.75,0.1,0,0.553670770633835,-0.0043018968644023305,0.8475328393614479,0.9507042253521126,0.9362821948488242,0.9517625231910947,0.9434037465125549
breast_cancer,2,3,0.5,0.75,0.1,0,0.5779715762273903,0.29989256064104064,7.682997087162436e-43,0.971830985915493,0.9621829710144928,0.9733302411873841,0.9674684994272623
breast_cancer,3,1,0.5,0.75,0.1,0,0.5933424532603739,-0.21273148006052672,6.713350898242323e-22,0.9225352112676056,0.919122323510706,0.9160353535353536,0.9175246845134379
breast_cancer,3,2,0.5,0.75,0.1,0,0.6005091959264327,0.1668694272188788,5.882104584866381e-14,0.9436619718309859,0.9402356902356903,0.9402356902356903,0.9402356902356903
breast_cancer,3,3,0.5,0.75,0.1,0,0.5669250645994832,0.08277742612061938,0.00021058647925059596,0.9436619718309859,0.9433760683760684,0.9366582491582491,0.9397922408310366
breast_cancer,4,1,0.5,0.75,0.1,0,0.5900440796473628,0.2764373147253135,2.0777016461208556e-36,0.9366197183098591,0.938390092879257,0.9317073170731707,0.9345923537540304
breast_cancer,4,2,0.5,0.75,0.1,0,0.5784161726706186,-0.05417459975107237,0.015391803076504262,0.9295774647887324,0.9325166112956811,0.9233739837398374,0.9271346469622332
breast_cancer,4,3,0.5,0.75,0.1,0,0.5709796321629427,0.01804570296931274,0.41990302056237816,0.9295774647887324,0.936026936026936,0.9211382113821138,0.9267285861713106
breast_cancer,1,1,0.75,0.25,0.01,0,0.7709948320413437,-0.16549085397841984,9.493979582086809e-14,0.9440559440559441,0.9404910528506034,0.9404910528506034,0.9404910528506034
breast_cancer,1,2,0.75,0.25,0.01,0,0.7910852713178295,-0.18004703908855374,4.926242201549103e-16,0.958041958041958,0.9553682896379525,0.9553682896379525,0.9553682896379525
breast_cancer,1,3,0.75,0.25,0.01,0,0.7839147286821706,0.1894583845531798,1.284903612426677e-17,0.9440559440559441,0.938115763546798,0.9441323345817727,0.9409090909090909
breast_cancer,2,1,0.75,0.25,0.01,0,0.7615633074935401,0.03626341341589718,0.10496006794266304,0.9366197183098591,0.9403783918347025,0.9102504638218925,0.923395072828628
breast_cancer,2,2,0.75,0.25,0.01,0,0.7808785529715763,0.06711276727766079,0.0026743458254805306,0.9647887323943662,0.9615926708949964,0.9557050092764379,0.9585740124861427
breast_cancer,2,3,0.75,0.25,0.01,0,0.7781273749810002,-0.12709793079196377,1.1731491601044228e-08,0.971830985915493,0.9670686456400742,0.9670686456400742,0.9670686456400742
breast_cancer,3,1,0.75,0.25,0.01,0,0.7762273901808786,0.3894257601040995,2.019328995215341e-73,0.9436619718309859,0.9402356902356903,0.9402356902356903,0.9402356902356903
breast_cancer,3,2,0.75,0.25,0.01,0,0.7820413436692506,0.12820194123418718,8.739533073188758e-09,0.9436619718309859,0.9402356902356903,0.9402356902356903,0.9402356902356903
breast_cancer,3,3,0.75,0.25,0.01,0,0.7749620003039976,0.3442989021676995,9.32406727966914e-57,0.9295774647887324,0.9252946127946129,0.9252946127946129,0.9252946127946129
breast_cancer,4,1,0.75,0.25,0.01,0,0.7344087247302021,0.5060007099700616,1.685613594634431e-130,0.9366197183098591,0.94562221751113,0.9272357723577236,0.9338612016767582
breast_cancer,4,2,0.75,0.25,0.01,0,0.7768353853169175,0.14248678457031905,1.5446030264314674e-10,0.9436619718309859,0.9472591362126246,0.9378048780487804,0.9417077175697866
breast_cancer,4,3,0.75,0.25,0.01,0,0.7603511171910623,0.19439702783567223,1.754038334558887e-18,0.9295774647887324,0.9325166112956811,0.9233739837398374,0.9271346469622332
breast_cancer,1,1,0.75,0.25,0.05,0,0.7598723210214319,0.017208607913121735,0.4417934893375035,0.965034965034965,0.9644654088050315,0.9609862671660424,0.9626690335717643
breast_cancer,1,2,0.75,0.25,0.05,0,0.7654278765769874,0.10786769485147653,1.3308720517629943e-06,0.9790209790209791,0.9794549266247379,0.9758635039533916,0.9776014201430585
breast_cancer,1,3,0.75,0.25,0.05,0,0.7868217054263567,0.15489892135240102,3.283181246484551e-12,0.972027972027972,0.9674671592775042,0.9738868081564711,0.9704545454545455
breast_cancer,2,1,0.75,0.25,0.05,0,0.7700258397932817,0.05685022829121257,0.010994087957225191,0.9577464788732394,0.9506029684601113,0.9506029684601113,0.9506029684601113
breast_cancer,2,2,0.75,0.25,0.05,0,0.7835271317829458,0.08974318160391065,5.8435855875040353e-05,0.9577464788732394,0.9461050724637681,0.9568645640074211,0.9512027491408934
breast_cancer,2,3,0.75,0.25,0.05,0,0.77515579875361,0.022487530815837133,0.3148143603947188,0.9577464788732394,0.9629901960784313,0.9380797773654916,0.9492857142857143
breast_cancer,3,1,0.75,0.25,0.05,0,0.7803617571059431,0.09337640113404207,2.883851681497363e-05,0.9507042253521126,0.9492262030951877,0.9459175084175084,0.9475157083267332
breast_cancer,3,2,0.75,0.25,0.05,0,0.7633986928104576,-0.0564475213454869,0.011574936622389053,0.9507042253521126,0.9492262030951877,0.9459175084175084,0.9475157083267332
breast_cancer,3,3,0.75,0.25,0.05,0,0.7876614987080104,-0.12689481036036343,1.238113436426307e-08,0.9295774647887324,0.9231727574750831,0.9288720538720538,0.9258098223615465
breast_cancer,4,1,0.75,0.25,0.05,0,0.7701170390636876,0.3015222588609025,2.6042951197859874e-43,0.9577464788732394,0.9620016611295681,0.9522357723577235,0.9562807881773399
breast_cancer,4,2,0.75,0.25,0.05,0,0.7632428940568475,0.11967954402821271,7.953076919522717e-08,0.9577464788732394,0.9659090909090908,0.95,0.9560371517027864
breast_cancer,4,3,0.75,0.25,0.05,0,0.7607767137862897,-0.07391186409891862,0.0009399914142298495,0.9084507042253521,0.9119122257053291,0.900609756097561,0.9050167224080268
breast_cancer,1,1,0.75,0.25,0.1,0,0.7812015503875969,-0.2368565446834459,6.669800284242168e-27,0.9440559440559441,0.938115763546798,0.9441323345817727,0.9409090909090909
breast_cancer,1,2,0.75,0.25,0.1,0,0.7654012767897858,0.0786478030781796,0.00043074725304499803,0.965034965034965,0.9644654088050315,0.9609862671660424,0.9626690335717643
breast_cancer,1,3,0.75,0.25,0.1,0,0.7507257941936464,0.207359851798126,7.2784899764402e-21,0.965034965034965,0.9644654088050315,0.9609862671660424,0.9626690335717643
breast_cancer,2,1,0.75,0.25,0.1,0,0.7406482748138014,-0.1085370934709079,1.1430035169741738e-06,0.9295774647887324,0.9111258865248226,0.9301948051948052,0.9196105072463767
breast_cancer,2,2,0.75,0.25,0.1,0,0.7601953184374526,0.025136808947686554,0.26117129385503535,0.9647887323943662,0.9615926708949964,0.9557050092764379,0.9585740124861427
breast_cancer,2,3,0.75,0.25,0.1,0,0.7386988904088767,0.04504158068187894,0.044000759732433156,0.971830985915493,0.973095238095238,0.9608070500927643,0.9666431759455015
breast_cancer,3,1,0.75,0.25,0.1,0,0.7687984496124031,-0.004730134576641214,0.8325697087182597,0.9507042253521126,0.9575378538512178,0.9387626262626263,0.9466824009011425
breast_cancer,3,2,0.75,0.25,0.1,0,0.7621067031463749,-0.1354877302839906,1.1760303315578602e-09,0.9366197183098591,0.9297213622291022,0.9381313131313131,0.9334478987658179
breast_cancer,3,3,0.75,0.25,0.1,0,0.7677268581851345,0.07906070532002929,0.00040159657222519593,0.9577464788732394,0.9628260869565217,0.9480218855218856,0.9544871794871794
breast_cancer,4,1,0.75,0.25,0.1,0,0.7713178294573644,0.12423553139349429,2.487909393291826e-08,0.9436619718309859,0.9409274193548387,0.9445121951219512,0.9425217567294071
breast_cancer,4,2,0.75,0.25,0.1,0,0.7505433956528349,-0.04602349075823537,0.039586596602140194,0.9225352112676056,0.9305702777188891,0.9128048780487805,0.9191636909382601
breast_cancer,4,3,0.75,0.25,0.1,0,0.7452082383340932,-0.020967784048133056,0.3486430367259553,0.9225352112676056,0.9305702777188891,0.9128048780487805,0.9191636909382601
breast_cancer,1,1,0.75,0.5,0.01,0,0.8002735978112174,0.23372813013936533,3.2058607634840153e-26,0.972027972027972,0.978494623655914,0.962962962962963,0.9697802197802198
breast_cancer,1,2,0.75,0.5,0.01,0,0.8051299589603284,0.4168367633595664,6.659480315148561e-85,0.965034965034965,0.9644654088050315,0.9609862671660424,0.9626690335717643
breast_cancer,1,3,0.75,0.5,0.01,0,0.8264857881136951,0.7043646139240796,1.0475524160664019e-299,0.965034965034965,0.9613636363636364,0.9646275488972118,0.9629399263981755
breast_cancer,2,1,0.75,0.5,0.01,0,0.796952424380605,0.22009841886732476,2.29633918133161e-23,0.9577464788732394,0.9629901960784313,0.9380797773654916,0.9492857142857143
breast_cancer,2,2,0.75,0.5,0.01,0,0.8312281501747987,0.44112669608998994,5.195688844896967e-96,0.9577464788732394,0.9561904761904761,0.9443413729128014,0.9499647639182522
breast_cancer,2,3,0.75,0.5,0.01,0,0.8166020671834626,-0.017951777576350778,0.4223270243157563,0.9647887323943662,0.9680028978507607,0.949443413729128,0.9580254212237659
breast_cancer,3,1,0.75,0.5,0.01,0,0.7920162638698891,-0.03409126672094411,0.1274843213259596,0.9577464788732394,0.9585470085470086,0.9515993265993266,0.9548441806232775
breast_cancer,3,2,0.75,0.5,0.01,0,0.8021963824289405,-0.10342785886482488,3.5697610936475845e-06,0.9225352112676056,0.919122323510706,0.9160353535353536,0.9175246845134379
breast_cancer,3,3,0.75,0.5,0.01,0,0.8126234990120079,-0.20326547353486024,4.2858993385883637e-20,0.9577464788732394,0.9585470085470086,0.9515993265993266,0.9548441806232775
breast_cancer,4,1,0.75,0.5,0.01,0,0.8142118863049096,-0.3132424668039019,8.849845710651215e-47,0.9225352112676056,0.9237358101135191,0.9172764227642276,0.9200573212549261
breast_cancer,4,2,0.75,0.5,0.01,0,0.7922100623195015,0.12418790042913927,2.5188706748514244e-08,0.9154929577464789,0.9152298850574713,0.9111788617886178,0.9130079640596284
breast_cancer,4,3,0.75,0.5,0.01,0,0.8033211734306126,0.007621495198061644,0.7333780118842399,0.9295774647887324,0.9325166112956811,0.9233739837398374,0.9271346469622332
breast_cancer,1,1,0.75,0.5,0.05,0,0.81171910624715,0.15253826252158087,7.001713478435e-12,0.951048951048951,0.946590909090909,0.9497503121098627,0.9481158969574457
breast_cancer,1,2,0.75,0.5,0.05,0,0.794858641130871,0.3746687292763589,1.1233445098054924e-67,0.972027972027972,0.9739010989010989,0.9666042446941323,0.970020964360587
breast_cancer,1,3,0.75,0.5,0.05,0,0.7851953184374526,0.011690273127595675,0.6013250909255159,0.951048951048951,0.946590909090909,0.9497503121098627,0.9481158969574457
breast_cancer,2,1,0.75,0.5,0.05,0,0.7838007295941631,0.16312314738688197,2.1400797016879403e-13,0.9225352112676056,0.9115574348132488,0.9063079777365493,0.9088628274695141
breast_cancer,2,2,0.75,0.5,0.05,0,0.8223134214926281,0.17265785823757376,7.53718293783122e-15,0.971830985915493,0.973095238095238,0.9608070500927643,0.9666431759455015
breast_cancer,2,3,0.75,0.5,0.05,0,0.8133720930232559,0.3237478041720681,5.0300576787076685e-50,0.9647887323943662,0.9615926708949964,0.9557050092764379,0.9585740124861427
breast_cancer,3,1,0.75,0.5,0.05,0,0.8001937984496125,0.23075668002188027,1.394293758810367e-25,0.9647887323943662,0.9682180564533506,0.9572811447811448,0.9622239957435488
breast_cancer,3,2,0.75,0.5,0.05,0,0.8390180878552972,0.19142647657745435,5.8483066882505384e-18,0.9577464788732394,0.9551767676767677,0.9551767676767677,0.9551767676767677
breast_cancer,3,3,0.75,0.5,0.05,0,0.8077139382884937,0.18037867078194353,4.3465040443365156e-16,0.9436619718309859,0.9402356902356903,0.9402356902356903,0.9402356902356903
breast_cancer,4,1,0.75,0.5,0.05,0,0.7855563155494757,0.07060413940074972,0.0015804961553659517,0.9436619718309859,0.9472591362126246,0.9378048780487804,0.9417077175697866
breast_cancer,4,2,0.75,0.5,0.05,0,0.7438782489740081,-0.037570838701559,0.0930037110331079,0.9436619718309859,0.9472591362126246,0.9378048780487804,0.9417077175697866
breast_cancer,4,3,0.75,0.5,0.05,0,0.8153746770025839,0.07860106383071738,0.000434168601668487,0.9366197183098591,0.9359812129875433,0.9339430894308942,0.9349121466768526
breast_cancer,1,1,0.75,0.5,0.1,0,0.787171302629579,0.08680305635236717,0.00010154849072267744,0.965034965034965,0.9644654088050315,0.9609862671660424,0.9626690335717643
breast_cancer,1,2,0.75,0.5,0.1,0,0.7764629882960935,0.08227532743224052,0.0002301343360174018,0.965034965034965,0.9644654088050315,0.9609862671660424,0.9626690335717643
breast_cancer,1,3,0.75,0.5,0.1,0,0.8008397932816538,0.2338511670117941,3.0152077167324134e-26,0.965034965034965,0.9613636363636364,0.9646275488972118,0.9629399263981755
breast_cancer,2,1,0.75,0.5,0.1,0,0.7998214014287884,0.2301347977415431,1.891613569446316e-25,0.9507042253521126,0.9508572808500362,0.9329777365491652,0.9412355897132723
breast_cancer,2,2,0.75,0.5,0.1,0,0.7334929320565435,0.09759448824421037,1.2296121677579144e-05,0.9225352112676056,0.9165660468485873,0.9000463821892393,0.907655926692285
breast_cancer,2,3,0.75,0.5,0.1,0,0.7817335461316308,-0.1775164263139389,1.2706543185091293e-15,0.9436619718309859,0.9392857142857143,0.9278756957328386,0.9332863518910031
breast_cancer,3,1,0.75,0.5,0.1,0,0.7987346101231191,-0.016976532331731676,0.447976010922571,0.9577464788732394,0.9585470085470086,0.9515993265993266,0.9548441806232775
breast_cancer,3,2,0.75,0.5,0.1,0,0.7748594011247911,-0.016672390384454887,0.4561522643695314,0.9366197183098591,0.9341742633029468,0.930976430976431,0.9325201964200855
breast_cancer,3,3,0.75,0.5,0.1,0,0.7926888584891322,-0.08575218588499013,0.0001232194102017811,0.9225352112676056,0.9150670794633642,0.9231902356902357,0.9186585429359996
breast_cancer,4,1,0.75,0.5,0.1,0,0.7797157622739018,-0.006005942334136983,0.7883695753001205,0.9295774647887324,0.9325166112956811,0.9233739837398374,0.9271346469622332
breast_cancer,4,2,0.75,0.5,0.1,0,0.7860617115063079,-0.030859294689936118,0.16772975232825044,0.9295774647887324,0.9325166112956811,0.9233739837398374,0.9271346469622332
breast_cancer,4,3,0.75,0.5,0.1,0,0.7720170238638091,0.033664766370407814,0.1323190721180549,0.9225352112676056,0.9237358101135191,0.9172764227642276,0.9200573212549261
breast_cancer,1,1,0.75,0.75,0.01,0,0.85687414500684,0.322470677699764,1.2678830683936437e-49,0.965034965034965,0.9644654088050315,0.9609862671660424,0.9626690335717643
breast_cancer,1,2,0.75,0.75,0.01,0,0.843217054263566,-0.17617517825403672,2.0877868320348463e-15,0.951048951048951,0.9494758909853249,0.9461090303786933,0.9477366470004699
breast_cancer,1,3,0.75,0.75,0.01,0,0.8473780209758323,0.04764895289374846,0.0331052884429538,0.958041958041958,0.9553682896379525,0.9553682896379525,0.9553682896379525
breast_cancer,2,1,0.75,0.75,0.01,0,0.8820679434564523,-0.5850396195553933,5.160539458454159e-184,0.9366197183098591,0.928235846840498,0.922773654916512,0.9254332224750569
breast_cancer,2,2,0.75,0.75,0.01,0,0.8231532147742818,0.5529297370563677,1.5649073232885733e-160,0.9788732394366197,0.9782710829222456,0.9721706864564008,0.9751444074916856
breast_cancer,2,3,0.75,0.75,0.01,0,0.8371979024167805,-0.155808428277348,2.4446199369730784e-12,0.9507042253521126,0.9400916380297824,0.9455009276437847,0.9427254393546529
breast_cancer,3,1,0.75,0.75,0.01,0,0.857170542635659,0.4058279432756421,3.670305118257768e-80,0.9577464788732394,0.9551767676767677,0.9551767676767677,0.9551767676767677
breast_cancer,3,2,0.75,0.75,0.01,0,0.8758663930688555,0.11169178880389731,5.512404721517603e-07,0.9507042253521126,0.9529196293902176,0.9423400673400674,0.9471135940409683
breast_cancer,3,3,0.75,0.75,0.01,0,0.837015503875969,-0.20543451724405967,1.683307243469903e-20,0.9436619718309859,0.9433760683760684,0.9366582491582491,0.9397922408310366
breast_cancer,4,1,0.75,0.75,0.01,0,0.8552325581395349,0.2671627120766354,4.944644609463277e-34,0.9436619718309859,0.9509680134680134,0.9355691056910569,0.9413828689370485
breast_cancer,4,2,0.75,0.75,0.01,0,0.8115253077975375,-0.23795018832200215,3.8317755654216134e-27,0.9225352112676056,0.9267502612330198,0.9150406504065041,0.9196295343452534
breast_cancer,4,3,0.75,0.75,0.01,0,0.8672480620155039,-0.2605990504704207,2.0902915818564068e-32,0.9436619718309859,0.9509680134680134,0.9355691056910569,0.9413828689370485
breast_cancer,1,1,0.75,0.75,0.05,0,0.8286821705426357,-0.2407456817544992,9.173644323987061e-28,0.972027972027972,0.9739010989010989,0.9666042446941323,0.970020964360587
breast_cancer,1,2,0.75,0.75,0.05,0,0.8491222070223439,0.32149790937339146,2.5562244709347516e-49,0.951048951048951,0.9494758909853249,0.9461090303786933,0.9477366470004699
breast_cancer,1,3,0.75,0.75,0.05,0,0.8131668946648427,0.3484989325036077,3.386901632578668e-58,0.972027972027972,0.9739010989010989,0.9666042446941323,0.970020964360587
breast_cancer,2,1,0.75,0.75,0.05,0,0.8005585955312357,0.10037565282009459,6.8759884869370216e-06,0.9295774647887324,0.9223809523809523,0.9114100185528757,0.9166079398637539
breast_cancer,2,2,0.75,0.75,0.05,0,0.8287733698130415,0.06255727717015526,0.0051318514931728305,0.9788732394366197,0.9851485148514851,0.9659090909090908,0.9748152527342595
breast_cancer,2,3,0.75,0.75,0.05,0,0.8585157318741451,-0.3571763914290754,3.0522449986299547e-61,0.9154929577464789,0.9012059369202227,0.9012059369202227,0.9012059369202227
breast_cancer,3,1,0.75,0.75,0.05,0,0.8319653442772459,-0.02236186979816999,0.3175268842027196,0.9577464788732394,0.9585470085470086,0.9515993265993266,0.9548441806232775
breast_cancer,3,2,0.75,0.75,0.05,0,0.8496124031007752,0.2387063190095981,2.6077095196614504e-27,0.9647887323943662,0.9612330198537096,0.9644360269360269,0.962778505897772
breast_cancer,3,3,0.75,0.75,0.05,0,0.8171340629274966,0.12861287321368908,7.82740746072151e-09,0.9507042253521126,0.9463949843260189,0.9494949494949495,0.9478899082568808
breast_cancer,4,1,0.75,0.75,0.05,0,0.8134632922936617,0.3367379499753253,3.208556156730195e-54,0.9436619718309859,0.9472591362126246,0.9378048780487804,0.9417077175697866
breast_cancer,4,2,0.75,0.75,0.05,0,0.8126880984952121,0.15081972049654552,1.2062660515019512e-11,0.9507042253521126,0.9530443756449949,0.9461382113821137,0.9491273862531348
breast_cancer,4,3,0.75,0.75,0.05,0,0.8381668946648427,-0.02226357048510549,0.31965941782526064,0.9366197183098591,0.9359812129875433,0.9339430894308942,0.9349121466768526
breast_cancer,1,1,0.75,0.75,0.1,0,0.8374031007751939,0.19847269879711582,3.2558362073651854e-19,0.951048951048951,0.9494758909853249,0.9461090303786933,0.9477366470004699
breast_cancer,1,2,0.75,0.75,0.1,0,0.832637938896489,-0.014816887017461897,0.5078088237753224,0.958041958041958,0.9553682896379525,0.9553682896379525,0.9553682896379525
breast_cancer,1,3,0.75,0.75,0.1,0,0.8447674418604652,-0.06378391755905108,0.00432233604039151,0.951048951048951,0.946590909090909,0.9497503121098627,0.9481158969574457
breast_cancer,2,1,0.75,0.75,0.1,0,0.8343023255813954,0.1790644961228564,7.128658269615455e-16,0.9577464788732394,0.9506029684601113,0.9506029684601113,0.9506029684601113
breast_cancer,2,2,0.75,0.75,0.1,0,0.7831167350661195,-0.045081552609240814,0.04381328044367521,0.9366197183098591,0.928235846840498,0.922773654916512,0.9254332224750569
breast_cancer,2,3,0.75,0.75,0.1,0,0.8288645690834473,0.16253985156497955,2.609706117367187e-13,0.9577464788732394,0.9506029684601113,0.9506029684601113,0.9506029684601113
breast_cancer,3,1,0.75,0.75,0.1,0,0.827701778385773,0.030315593464742205,0.1753479729432875,0.9436619718309859,0.9473913043478261,0.9330808080808081,0.9393162393162393
breast_cancer,3,2,0.75,0.75,0.1,0,0.8364341085271318,0.4214464841095933,6.092879765898454e-87,0.9507042253521126,0.9529196293902176,0.9423400673400674,0.9471135940409683
breast_cancer,3,3,0.75,0.75,0.1,0,0.8158914728682171,-0.041928750328040554,0.06082535438423665,0.9436619718309859,0.9402356902356903,0.9402356902356903,0.9402356902356903
breast_cancer,4,1,0.75,0.75,0.1,0,0.8382694938440493,-0.2565595373610383,1.987040652144059e-31,0.9154929577464789,0.9210858585858586,0.9067073170731708,0.9120743034055727
breast_cancer,4,2,0.75,0.75,0.1,0,0.7851687186502508,0.01946913276596014,0.384177878178219,0.9436619718309859,0.9509680134680134,0.9355691056910569,0.9413828689370485
breast_cancer,4,3,0.75,0.75,0.1,0,0.8322503419972639,0.008084784123158271,0.7178435003798878,0.9366197183098591,0.9359812129875433,0.9339430894308942,0.9349121466768526
